Article Number,Product
S10142000,Anti Power Black (2.0 mm)
S10132000,Anti Power Red (2.0 mm)
S11160000,Elfrark RF Black (0 mm/1 mm)
S11161000,Elfrark RF Black (0 mm/1 mm)
S11150000,Elfrark RF Red (0 mm/1 mm)
S11151000,Elfrark RF Red (0 mm/1 mm)
S10021000,Mark V Black (0 mm/1 mm)
S10021500,Mark V Black (1.5 mm)
S10021800,Mark V Black (1.8 mm)
S10022000,Mark V Black (2.0 mm)
S10022500,Mark V Black (Max)
S10041500,Mark V GPS Black (1.5 mm)
S10041800,Mark V GPS Black (1.8 mm)
S10042000,Mark V GPS Black (2.0 mm)
S10042500,Mark V GPS Black (Max)
S10031500,Mark V GPS Red (1.5 mm)
S10031800,Mark V GPS Red (1.8 mm)
S10032000,Mark V GPS Red (2.0 mm)
S10032500,Mark V GPS Red (Max)
S10692000,Mark V HPS Black (2.0 mm)
S10692500,Mark V HPS Black (Max)
S10682000,Mark V HPS Red (2.0 mm)
S10682500,Mark V HPS Red (Max)
S10712000,Mark V HPS Soft Black (2.0 mm)
S10712500,Mark V HPS Soft Black (Max)
S10702000,Mark V HPS Soft Red (2.0 mm)
S10702500,Mark V HPS Soft Red (Max)
S10242000,Mark V M2 Black (2.0 mm)
S10242500,Mark V M2 Black (Max)
S10232000,Mark V M2 Red (2.0 mm)
S10232500,Mark V M2 Red (Max)
S10011000,Mark V Red (0 mm/1 mm)
S10011500,Mark V Red (1.5 mm)
S10011800,Mark V Red (1.8 mm)
S10012000,Mark V Red (2.0 mm)
S10012500,Mark V Red (Max)
S10551800,Mark V XS Black (1.8 mm)
S10552000,Mark V XS Black (2.0 mm)
S10552500,Mark V XS Black (Max)
S10541800,Mark V XS Red (1.8 mm)
S10542000,Mark V XS Red (2.0 mm)
S10542500,Mark V XS Red (Max)
S10101600,Original Extra HG Black (1.6 mm)
S10102100,Original Extra HG Black (2.1 mm)
S10091600,Original Extra HG Red (1.6 mm)
S10092100,Original Extra HG Red (2.1 mm)
S10161000,Phantom 0011 Infinity Black (0 mm/1 mm)
S10151000,Phantom 0011 Infinity Red (0 mm/1 mm)
S10180000,Phantom 0012 Infinity Black (0 mm/1 mm)
S10170000,Phantom 0012 Infinity Red (0 mm/1 mm)
S10751800,Rakza 7 Black (1.8 mm)
S10752000,Rakza 7 Black (2.0 mm)
S10752500,Rakza 7 Black (Max)
S10741800,Rakza 7 Red (1.8 mm)
S10742000,Rakza 7 Red (2.0 mm)
S10742500,Rakza 7 Red (Max)
S10771800,Rakza 7 Soft Black (1.8 mm)
S10772000,Rakza 7 Soft Black (2.0 mm)
S10772500,Rakza 7 Soft Black (Max)
S10761800,Rakza 7 Soft Red (1.8 mm)
S10762000,Rakza 7 Soft Red (2.0 mm)
S10762500,Rakza 7 Soft Red (Max)
S10832000,Rakza 9 Black (2.0 mm)
S10832500,Rakza 9 Black (Max)
S10822000,Rakza 9 Red (2.0 mm)
S10822500,Rakza 9 Red (Max)
S10812000,Rakza PO Black (2.0 mm)
S10812500,Rakza PO Black (Max)
S10802000,Rakza PO Red (2.0 mm)
S10802500,Rakza PO Red (Max)
S10851800,Rakza X Black (1.8 mm)
S10852000,Rakza X Black (2.0 mm)
S10852500,Rakza X Black (Max)
S10841800,Rakza X Red (1.8 mm)
S10842000,Rakza X Red (2.0 mm)
S10842500,Rakza X Red (Max)
S10871800,Rakza X Soft Black (1.8 mm)
S10872000,Rakza X Soft Black (2.0 mm)
S10872500,Rakza X Soft Black (Max)
S10861800,Rakza X Soft Red (1.8 mm)
S10862000,Rakza X Soft Red (2.0 mm)
S10862500,Rakza X Soft Red (Max)
S11142000,Rakza XX Black (2.0 mm)
S11142500,Rakza XX Black (Max)
S11132000,Rakza XX Red (2.0 mm)
S11132500,Rakza XX Red (Max)
S10854000,Rakza Z Black (2.0 mm)
S10854500,Rakza Z Black (Max)
S10856500,Rakza Z Hard Black (Max)
S10846500,Rakza Z Hard Red (Max)
S10844000,Rakza Z Red (2.0 mm)
S10844500,Rakza Z Red (Max)
S10971800,Rigan Black (1.8 mm)
S10972000,Rigan Black (2.0 mm)
S10972500,Rigan Black (Max)
S10961800,Rigan Red (1.8 mm)
S10962000,Rigan Red (2.0 mm)
S10962500,Rigan Red (Max)
S11892000,Rising Dragon II Black (2.0 mm)
S11892500,Rising Dragon II Black (Max)
S11882000,Rising Dragon II Red (2.0 mm)
S11882500,Rising Dragon II Red (Max)
S11912000,Shining Dragon II Black (2.0 mm)
S11912500,Shining Dragon II Black (Max)
S11902000,Shining Dragon II Red (2.0 mm)
S11902500,Shining Dragon II Red (Max)
S10991500,Trick Anti Black (1.5 mm)
S10992500,Trick Anti Black (Max)
S10981500,Trick Anti Red (1.5 mm)
S10982500,Trick Anti Red (Max)
S20201200,2040 (Flared)
S20201100,2040 (Straight)
S20871200,Atletico Power (Flared)
S20621200,Battle Balsa (Flared)
S20621100,Battle Balsa (Straight)
S20111200,Extra 3D (Flared)
S20111100,Extra 3D (Straight)
S20491300,Extra Offensive 7 Power (Anatomical)
S20491200,Extra Offensive 7 Power (Flared)
S20491100,Extra Offensive 7 Power (Straight)
S20621900,Extra Offensive 7 Power (Penholder)
S20811200,Falck Carbon (Flared)
S20811100,Falck Carbon (Straight)
S20811900,Falck Carbon (Penholder)
S20801200,Falck W7 (Flared)
S20801900,Falck W7 (Penholder)
S20801100,Falck W7 (Straight)
S20631200,Goiabao (Flared)
S20631100,Goiabao (Straight)
S20631900,Goiabao (Penholder)
S20321300,Ma Lin Carbon (Anatomical)
S20321200,Ma Lin Carbon (Flared)
S20321900,Ma Lin Carbon (Penholder)
S20321100,Ma Lin Carbon (Straight)
S20371300,Ma Lin Extra Offensive (Anatomical)
S20371200,Ma Lin Extra Offensive (Flared)
S20371900,Ma Lin Extra Offensive (Penholder)
S20371100,Ma Lin Extra Offensive (Straight)
S20481300,Ma Lin Extra Special (Anatomical)
S20481200,Ma Lin Extra Special (Flared)
S20481900,Ma Lin Extra Special (Penholder)
S20481100,Ma Lin Extra Special (Straight)
S20331300,Ma Lin Soft Carbon (Anatomical)
S20331200,Ma Lin Soft Carbon (Flared)
S20331900,Ma Lin Soft Carbon (Penholder)
S20331100,Ma Lin Soft Carbon (Straight)
S20901100,Masamune * (Straight)
S20901200,Masamune * (Flared)
S20421200,Max Carbon 3D (Flared)
S20421100,Max Carbon 3D (Straight)
S20091200,Max Wood (Flared)
S20091100,Max Wood (Straight)
S20421900,Max Wood (Penholder)
S20321101,Myth Carbon (Straight)
S20321201,Myth Carbon (Flared)
S20321301,Myth Carbon (Anatomical)
S20371101,Myth Extra Offensive (Straight)
S20371201,Myth Extra Offensive (Flared)
S20371301,Myth Extra Offensive (Anatomical)
S20481101,Myth Extra Special (Straight)
S20481201,Myth Extra Special (Flared)
S20481301,Myth Extra Special (Anatomical)
S20331101,Myth Soft Carbon (Straight)
S20331201,Myth Soft Carbon (Flared)
S20331301,Myth Soft Carbon (Anatomical)
S20881200,Resonate GI * (Flared)
S20891200,Resonate GO * (Flared)
S20591300,Sweden Classic (Anatomical)
S20591200,Sweden Classic (Flared)
S20591900,Sweden Classic (Penholder)
S20591100,Sweden Classic (Straight)
S20611100,Sweden Defensive (Straight)
S20611200,Sweden Defensive (Flared)
S20681200,Sweden Ek Carbon (Flared)
S20681900,Sweden Ek Carbon (Penholder)
S20681100,Sweden Ek Carbon (Straight)
S20601300,Sweden Extra (Anatomical)
S20601200,Sweden Extra (Flared)
S20601900,Sweden Extra (Penholder)
S20601100,Sweden Extra (Straight)
S20731200,Sweden Guardian (Flared)
S20731100,Sweden Guardian (Straight)
S60130800,"Edgetape ""yasaka"" Black/Gold (10mm x 50m)"
S60130700,"Edgetape ""yasaka"" Black/Gold (10mm x 5m)"
S60130600,"Edgetape ""yasaka"" Black/White (12mm x 50m)"
S60130500,"Edgetape ""yasaka"" Black/White (12mm x 5m)"
S60010200,Fukuda Sponge (Rubber cleaning sponge)
S60031300,Norisuke-San (40 ml)
S60031600,"Rubber Protection, Black"
S60031500,"Rubber Protection, Red"
S60010000,Rubbercleaner Yasaka (125 ml)
S60130400,Surrounder Premium 5p *
S60131100,Surrounder Cloth
S60113200,Towel Purple River (Towel)
S60122000,Towel Box 4p *
S60063900,Backpack Baku
S60064000,Bag Benkei
S60022701,Batwallet Jizo II
S60063800,Rollerbag (Black)
S60022600,Solo (cover W Ballpocket)
S60022000,Viewtry I (cover W Pocket) (Blue/black/white)
S60022500,Viewtry I (cover W Pocket)
S60022100,Viewtry II (wallet 2 Bats) (Blue/black/white)
S60022700,Viewtry II (wallet 2 Bats) (Red/black/white)
S44160300,"Yasaka AB 40 Xxx, White (3 balls)"
S441612000,"Yasaka AB 40 Xxx, White (120 balls)"
S441412000,Yasaka Select 1 Star 40+ (120 balls)
S441512000,"Yasaka Select 1 Star 40+, Yellow (120 balls)"
S44120600,"Yasaka Super X 40+, White (6 balls)"
S30002800,Champ XXX
S30002700,Colt XX
S30002200,Elite XXX
S30002000,Leader 3D
S30031200,Mark V 
S30041200,Mark V Carbon
S30002300,Master XXXX
S30021200,Original
S30002500,Primo
S300000C00,School
S30002600,Star X
S30002900,Sweden Spirit XXXXX (Article nr)
S30000700,World Cup XXXXX (Article nr)
S61183600,Jet Impact Neo Black (36)
S61183700,Jet Impact Neo Black (37)
S61183800,Jet Impact Neo Black (38)
S61183900,Jet Impact Neo Black (39)
S61184000,Jet Impact Neo Black (40)
S61184100,Jet Impact Neo Black (41)
S61184200,Jet Impact Neo Black (42)
S61184300,Jet Impact Neo Black (43)
S61184400,Jet Impact Neo Black (44)
S61184500,Jet Impact Neo Black (45)
S61184600,Jet Impact Neo Black (46)
S61203600,Jet Impact Neo White (36)
S61203700,Jet Impact Neo White (37)
S61203800,Jet Impact Neo White (38)
S61203900,Jet Impact Neo White (39)
S61204000,Jet Impact Neo White (40)
S61204100,Jet Impact Neo White (41)
S61204200,Jet Impact Neo White (42)
S61204300,Jet Impact Neo White (43)
S61204400,Jet Impact Neo White (44)
S61204500,Jet Impact Neo White (45)
S61204600,Jet Impact Neo White (46)
S61173600,Sole For Jet Impact
S61173700,Sole For Jet Impact
S61173800,Sole For Jet Impact
S61173900,Sole For Jet Impact
S61174000,Sole For Jet Impact
S61174100,Sole For Jet Impact
S61174200,Sole For Jet Impact
S61174300,Sole For Jet Impact
S61174400,Sole For Jet Impact
S61174500,Sole For Jet Impact
S61174600,Sole For Jet Impact
S61100300,Sock Arc 35-38
S61110400,Sock Arc 39-42
S61110500,Sock Arc 43-46
S60050200,Master 2000
S60051200,Net With Chain
S60051300,Net With Chain-2 Pools
S60200500,Progress Roller
S60050300,Swift (Artnr)
S53470200,Hoodie Kansas - Olive green (XXXS)
S53470300,Hoodie Kansas - Olive green (XXS)
S53470400,Hoodie Kansas - Olive green (XS)
S53470500,Hoodie Kansas - Olive green (S)
S53470600,Hoodie Kansas - Olive green (M)
S53470700,Hoodie Kansas - Olive green (L)
S53470800,Hoodie Kansas - Olive green (XL)
S53470900,Hoodie Kansas - Olive green (XXL)
S53471000,Hoodie Kansas - Olive green (XXXL)
S53501000,Hoodie Samuraj - Black (XXXS)
S53502000,Hoodie Samuraj - Black (XXS)
S53503000,Hoodie Samuraj - Black (XS)
S53504000,Hoodie Samuraj - Black (S)
S53505000,Hoodie Samuraj - Black (M)
S53506000,Hoodie Samuraj - Black (L)
S53507000,Hoodie Samuraj - Black (XL)
S53508000,Hoodie Samuraj - Black (XXL)
S53509000,Hoodie Samuraj - Black (XXXL)
S53460200,Hoodie Texas - Black (XXXS)
S53460300,Hoodie Texas - Black (XXS)
S53460400,Hoodie Texas - Black (XS)
S53460500,Hoodie Texas - Black (S)
S53460600,Hoodie Texas - Black (M)
S53460700,Hoodie Texas - Black (L)
S53460800,Hoodie Texas - Black (XL)
S53460900,Hoodie Texas - Black (XXL)
S53461000,Hoodie Texas - Black (XXXL)
S53511000,Pants Uzume - Black (XXXS)
S53512000,Pants Uzume - Black (XXS)
S53513000,Pants Uzume - Black (XS)
S53514000,Pants Uzume - Black (S)
S53515000,Pants Uzume - Black (M)
S53516000,Pants Uzume - Black (L)
S53517000,Pants Uzume - Black (XL)
S53518000,Pants Uzume - Black (XXL)
S53519000,Pants Uzume - Black (XXXL)
S51010200,Shirt Callisto - Navy/blue (XXXS)
S51010300,Shirt Callisto - Navy/blue (XXS)
S51010400,Shirt Callisto - Navy/blue (XS)
S51010500,Shirt Callisto - Navy/blue (S)
S51010600,Shirt Callisto - Navy/blue (M)
S51010700,Shirt Callisto - Navy/blue (L)
S51010800,Shirt Callisto - Navy/blue (XL)
S51010900,Shirt Callisto - Navy/blue (XXL)
S51011000,Shirt Callisto - Navy/blue (XXXL)
S51022200,Shirt Galax - Black/lime green/grey (XXXS)
S51023200,Shirt Galax - Navy/royal/skyblue (XXXS)
S51022300,Shirt Galax - Black/lime green/grey (XXS)
S51023300,Shirt Galax - Navy/royal/skyblue (XXS)
S51022400,Shirt Galax - Black/lime green/grey (XS)
S51023400,Shirt Galax - Navy/royal/skyblue (XS)
S51022500,Shirt Galax - Black/lime green/grey (S)
S51023500,Shirt Galax - Navy/royal/skyblue (S)
S51022600,Shirt Galax - Black/lime green/grey (M)
S51023600,Shirt Galax - Navy/royal/skyblue (M)
S51022700,Shirt Galax - Black/lime green/grey (L)
S51023700,Shirt Galax - Navy/royal/skyblue (L)
S51022800,Shirt Galax - Black/lime green/grey (XL)
S51023800,Shirt Galax - Navy/royal/skyblue (XL)
S51022900,Shirt Galax - Black/lime green/grey (XXL)
S51023900,Shirt Galax - Navy/royal/skyblue (XXL)
S51023000,Shirt Galax - Black/lime green/grey (XXXL)
S51024000,Shirt Galax - Navy/royal/skyblue (XXXL)
S51024300,Shirt Galax Women - Navy/royal/skyblue (XXS)
S51024400,Shirt Galax Women - Navy/royal/skyblue (XS)
S51024500,Shirt Galax Women - Navy/royal/skyblue (S)
S51024600,Shirt Galax Women - Navy/royal/skyblue (M)
S51024700,Shirt Galax Women - Navy/royal/skyblue (L)
S51024800,Shirt Galax Women - Navy/royal/skyblue (XL)
S51024900,Shirt Galax Women - Navy/royal/skyblue (XXL)
S51032200,Shirt Kompira - Red (XXXS)
S51033200,Shirt Kompira - Navy (XXXS)
S51032300,Shirt Kompira - Red (XXS)
S51033300,Shirt Kompira - Navy (XXS)
S51032400,Shirt Kompira - Red (XS)
S51033400,Shirt Kompira - Navy (XS)
S51032500,Shirt Kompira - Red (S)
S51033500,Shirt Kompira - Navy (S)
S51032600,Shirt Kompira - Red (M)
S51033600,Shirt Kompira - Navy (M)
S51032700,Shirt Kompira - Red (L)
S51033700,Shirt Kompira - Navy (L)
S10091500,ORIGINAL XHG RED (1.5 mm)
S10092000,ORIGINAL XHG RED (2.0 mm)
S10101500,ORIGINAL XHG Bl. (1.5 mm)
S10102000,ORIGINAL XHG Bl. (2.0 mm)
S10131500,ANTIPOWER RED (1.5 mm)
S10141500,ANTIPOWER BLACK (1.5 mm)
S10242000,MARK V M2 BLACK (2.0 mm)
S10242500,MARK V M2 BLACK (max)
S10992500,"TRICK Anti, BLACK (max)"
S15100014,NITTAKU Rubber Fastarc G-1 Red (1.4 mm)
S15100018,NITTAKU Rubber Fastarc G-1 Red (1.8 mm)
S15100020,NITTAKU Rubber Fastarc G-1 Red (2.0 mm)
S15100114,NITTAKU Rubber Fastarc G-1 Black (1.4 mm)
S15100118,NITTAKU Rubber Fastarc G-1 Black (1.8 mm)
S15100120,NITTAKU Rubber Fastarc G-1 Black (2.0 mm)
S15100214,NITTAKU Rubber Fastarc C-1 Red (1.4 mm)
S15100218,NITTAKU Rubber Fastarc C-1 Red (1.8 mm)
S15100220,NITTAKU Rubber Fastarc C-1 Red (2.0 mm)
S15100314,NITTAKU Rubber Fastarc C-1 Black (1.4 mm)
S15100318,NITTAKU Rubber Fastarc C-1 Black (1.8 mm)
S15100320,NITTAKU Rubber Fastarc C-1 Black (2.0 mm)
S15100414,NITTAKU Rubber Fastarc S-1 Red (1.4 mm)
S15100418,NITTAKU Rubber Fastarc S-1 Red (1.8 mm)
S15100420,NITTAKU Rubber Fastarc S-1 Red (2.0 mm)
S15100514,NITTAKU Rubber Fastarc S-1 Black (1.4 mm)
S15100518,NITTAKU Rubber Fastarc S-1 Black (1.8 mm)
S15100520,NITTAKU Rubber Fastarc S-1 Black (2.0 mm)
S15100618,NITTAKU Rubber Fastarc P-1 Red (1.8 mm)
S15100718,NITTAKU Rubber Fastarc P-1 Black (1.8 mm)
S15110014,NITTAKU Rubber Hurricane 3 Turbo Orange Red (1.4 mm)
S15110018,NITTAKU Rubber Hurricane 3 Turbo Orange Red (1.8 mm)
S15110020,NITTAKU Rubber Hurricane 3 Turbo Orange Red (2.0 mm)
S15110025,NITTAKU Rubber Hurricane 3 Turbo Orange Red (max)
S15110114,NITTAKU Rubber Hurricane 3 Turbo Blue Black (1.4 mm)
S15110118,NITTAKU Rubber Hurricane 3 Turbo Blue Black (1.8 mm)
S15110120,NITTAKU Rubber Hurricane 3 Turbo Blue Black (2.0 mm)
S15110125,NITTAKU Rubber Hurricane 3 Turbo Orange Black (max)
S15110214,NITTAKU Rubber Hurricane 3 Turbo Blue Red (1.4 mm)
S15110218,NITTAKU Rubber Hurricane 3 Turbo Blue Red (1.8 mm)
S15110220,NITTAKU Rubber Hurricane 3 Turbo Blue Red (2.0 mm)
S15110225,NITTAKU Rubber Hurricane 3 Turbo Blue Red (max)
S15110314,NITTAKU Rubber Hurricane 3 Turbo Blue Black (1.4 mm)
S15110318,NITTAKU Rubber Hurricane 3 Turbo Blue Black (1.8 mm)
S15110320,NITTAKU Rubber Hurricane 3 Turbo Blue Black (2.0 mm)
S15110325,NITTAKU Rubber Hurricane 3 Turbo Blue Black (max)
S15120014,NITTAKU Rubber Ruuking Red (1.4 mm)
S15120018,NITTAKU Rubber Ruuking Red (1.8 mm)
S15120020,NITTAKU Rubber Ruuking Red (2.0 mm)
S15120114,NITTAKU Rubber Ruuking Black (1.4 mm)
S15120118,NITTAKU Rubber Ruuking Black (1.8 mm)
S15120120,NITTAKU Rubber Ruuking Black (2.0 mm)
S15120214,NITTAKU Rubber Moristo SP Red (1.4 mm)
S15120218,NITTAKU Rubber Moristo SP Red (1.8 mm)
S15120220,NITTAKU Rubber Moristo SP Red (2.0 mm)
S15120225,NITTAKU Rubber Moristo SP Red (max)
S15120314,NITTAKU Rubber Moristo SP Black (1.4 mm)
S15120318,NITTAKU Rubber Moristo SP Black (1.8 mm)
S15120320,NITTAKU Rubber Moristo SP Black (2.0 mm)
S15120325,NITTAKU Rubber Moristo SP Black (max)
S15120418,NITTAKU Rubber Factive Red (1.8 mm)
S15120420,NITTAKU Rubber Factive Red (2.0 mm)
S15120518,NITTAKU Rubber Factive Black (1.8 mm)
S15120520,NITTAKU Rubber Factive Black (2.0 mm)
S15120614,NITTAKU Rubber Hammond Z2 Red (1.4 mm)
S15120618,NITTAKU Rubber Hammond Z2 Red (1.8 mm)
S15120620,NITTAKU Rubber Hammond Z2 Red (2.0 mm)
S15120625,NITTAKU Rubber Hammond Z2 Red (max)
S15120714,NITTAKU Rubber Hammond Z2 Black (1.4 mm)
S15120718,NITTAKU Rubber Hammond Z2 Black (1.8 mm)
S15120720,NITTAKU Rubber Hammond Z2 Black (2.0 mm)
S15120725,NITTAKU Rubber Hammond Z2 Black (max)
S15120820,NITTAKU Rubber Hammond Power Red (2.0 mm)
S15120920,NITTAKU Rubber Hammond Power Black (2.0 mm)
S15121018,NITTAKU Rubber Genextion V2C Red (1.8 mm)
S15121020,NITTAKU Rubber Genextion V2C Red (2.0 mm)
S15121118,NITTAKU Rubber Genextion V2C Black (1.8 mm)
S15121120,NITTAKU Rubber Genextion V2C Black (2.0 mm)
S15121220,NITTAKU Rubber HAMMOND CR
S15121320,NITTAKU Rubber HAMMOND CR
S15121400,NITTAKU Rubber DO KNUCKLE
S15121500,NITTAKU Rubber DO KNUCKLE
S15121600,NITTAKU Rubber MORISTO LP
S15121700,NITTAKU Rubber MORISTO LP
S15171800,"FLYATT Hard, RED 1.8 MM"
S15172000,"FLYATT Hard, RED 2.0 MM"
S15172500,"FLYATT Hard, RED (max)"
S15181800,"FLYATT Hard, BLACK 1.8 MM"
S15182000,"FLYATT Hard, BLACK 2.0 MM"
S15182500,"FLYATT Hard, BLACK (max)"
S15191800,"FLYATT Soft, RED 1.8 MM"
S15192000,"FLYATT Soft, RED 2.0 MM"
S15192500,"FLYATT Soft, RED (max)"
S15201800,"FLYATT Soft, BLACK (1.8 mm)"
S15202000,"FLYATT Soft, BLACK (2.0 mm)"
S15202500,"FLYATT Soft, BLACK (max)"
S20032900,Blade Extra DC PEN
S201111U00,Blade Extra 3D STR
S201112C00,Blade Extra 3D FLA-CH
S201112U00,Blade Extra 3D FLA
S201119C00,Blade Extra 3D PEN-CH
S202011U00,Blade 2040 STR
S202012U00,Blade 2040 FLA
S203211C00,Blade Ma Lin Carbon STR-CH
S203211C01,Blade Super M Carbon STR-CH
S203211J00,Blade Ma Lin Carbon STR-J
S203211J01,Blade Myth Carbon STR-J
S203212C00,Blade Ma Lin Carbon FLA-CH
S203212C01,Blade Super M Carbon FLA-CH
S203212J00,Blade Ma Lin Carbon FLA-J
S203212J01,Blade Myth Carbon FLA-J
S203213C00,Blade Ma Lin Carbon ANA-CH
S203213J00,Blade Ma Lin Carbon ANA-J
S20321901,Blade Myth Carbon PEN
S203219C00,Blade Ma Lin Carbon PEN-CH
S203219C01,Blade Super M Carbon PEN-CH
S203219J00,Blade Ma Lin Carbon PEN-J
S203219J01,Blade Myth Carbon PEN-J
S203311C00,Blade Ma Lin Soft Carbon STR-CH
S203311C01,Blade Super M Soft Carbon STR-CH
S203311J00,Blade Ma Lin Soft Carbon STR-J
S203311J01,Blade Myth Soft Carbon STR-J
S203312C00,Blade Ma Lin Soft Carbon FLA-CH
S203312C01,Blade Super M Soft Carbon FLA-CH
S203312J00,Blade Ma Lin Soft Carbon FLA-J
S203312J01,Blade Myth Soft Carbon FLA-J
S203313C00,Blade Ma Lin Soft Carbon ANA-CH
S203313J00,Blade Ma Lin Soft Carbon ANA-J
S20331901,Blade Myth Soft Carbon PEN
S203319C00,Blade Ma Lin Soft Carbon PEN-CH
S203319C01,Blade Super M Soft Carbon PEN-CH
S203319J00,Blade Ma Lin Soft Carbon PEN-J
S203319J01,Blade Myth Soft Carbon PEN-J
S203329C00,Blade Ma Lin Soft Carbon DC PEN-CH
S203711C00,Blade Ma Lin Extra Offensive STR-CH
S203711C01,Blade Super M Extra Offensive STR-CH
S203711J00,Blade Ma Lin Extra Offensive STR-J
S203711J01,Blade Myth Extra Offensive STR-J
S203712C00,Blade Ma Lin Extra Offensive FLA-CH
S203712C01,Blade Super M Extra Offensive FLA-CH
S203712J00,Blade Ma Lin Extra Offensive FLA-J
S203712J01,Blade Myth Extra Offensive FLA-J
S203713C00,Blade Ma Lin Extra Offensive ANA-CH
S203713J00,Blade Ma Lin Extra Offensive ANA-J
S20371901,Blade Myth Extra Offensive PEN
S203719C00,Blade Ma Lin Extra Offensive PEN-CH
S203719C01,Blade Super M Extra Offensive PEN-CH
S203719J00,Blade Ma Lin Extra Offensive PEN-J
S203719J01,Blade Myth Extra Offensive PEN-J
S203729C00,Blade Ma Lin Extra Offensive DC PEN-CH
S204211C00,Blade Max Carbon 3D STR-CH
S204211J00,Blade Max Carbon 3D STR-J
S204212C00,Blade Max Carbon 3D FLA-CH
S204212J00,Blade Max Carbon 3D FLA-J
S204219C00,Blade Max Carbon 3D PEN-CH
S204219J00,Blade Max Carbon 3D PEN-J
S20431100,Blade Ma Lin Max Carbon STR
S20431101,Blade Myth Max Carbon STR
S204311C00,Blade Ma Lin Max Carbon STR-CH
S204311C01,Blade Super M Max Carbon STR-CH
S204311J00,Blade Ma Lin Max Carbon STR-J
S20431200,Blade Ma Lin Max Carbon FLA
S20431201,Blade Myth Max Carbon FLA
S204312C00,Blade Ma Lin Max Carbon FLA-CH
S204312C01,Blade Super M Max Carbon FLA-CH
S204312J00,Blade Ma Lin Max Carbon FLA-J
S20431900,Blade Ma Lin Max Carbon PEN
S20431901,Blade Myth Max Carbon PEN
S204319C00,Blade Ma Lin Max Carbon PEN-CH
S204319C01,Blade Super M Max Carbon PEN-CH
S204319J00,Blade Ma Lin Max Carbon PEN-J
S204411C00,Blade Extra Special STR-CH
S204412C00,Blade Extra Special FLA-CH
S204419C00,Blade Extra Special PEN-CH
S204612J00,Blade G-Star FLA-J
S204712C00,Blade Ma Lin Extra Offensive 7 FLA-CH
S204712C01,Blade Super M Extra Offensive 7 FLA-CH
S204719C00,Blade Ma Lin Extra Offensive 7 PEN-CH
S204719C01,Blade Super M Extra Offensive 7 PEN-CH
S204811J00,Blade Ma Lin Extra Special STR-J
S204811J01,Blade Myth Extra Special STR-J
S204812J00,Blade Ma Lin Extra Special FLA-J
S204812J01,Blade Myth Extra Special FLA-J
S204813J00,Blade Ma Lin Extra Special ANA-J
S20481900,Blade Ma Lin Extra Special PEN
S20481901,Blade Myth Extra Special PEN
S204819J00,Blade Ma Lin Extra Special PEN-J
S204819J01,Blade Myth Extra Special PEN-J
S204911C00,Blade Extra Offensive 7 Power STR-CH
S204912C00,Blade Extra Offensive 7 Power FLA-CH
S20491900,Blade Extra Offensive 7 Power PEN
S204919C00,Blade Extra Offensive 7 Power PEN-CH
S205012C00,Blade Extra Offensive PRO RED FLA-CH
S205019C00,Blade Extra Offensive PRO RED PEN-CH
S205021C00,Blade Extra Offensive PRO BLACK STR-CH
S205022C00,Blade Extra Offensive PRO BLACK FLA-CH
S205029C00,Blade Extra Offensive PRO BLACK PEN-CH
S205611J00,Blade Ma Lin Hard Carbon STR-J
S205611J01,Blade Myth Hard Carbon STR-J
S205612J00,Blade Ma Lin Hard Carbon FLA-J
S205612J01,Blade Myth Hard Carbon FLA-J
S205619J00,Blade Ma Lin Hard Carbon PEN-J
S205619J01,Blade Myth Hard Carbon PEN-J
S205911C00,Blade Sweden Classic STR-CH
S205911J00,Blade Sweden Classic STR-J
S205912C00,Blade Sweden Classic FLA-CH
S205912J00,Blade Sweden Classic FLA-J
S205913C00,Blade Sweden Classic ANA-CH
S205913J00,Blade Sweden Classic ANA-J
S205919C00,Blade Sweden Classic PEN-CH
S205919J00,Blade Sweden Classic PEN-J
S206011C00,Blade Sweden Extra STR-CH
S206011J00,Blade Sweden Extra STR-J
S206012C00,Blade Sweden Extra FLA-CH
S206012J00,Blade Sweden Extra FLA-J
S206013C00,Blade Sweden Extra ANA-CH
S206013J00,Blade Sweden Extra ANA-J
S206019C00,Blade Sweden Extra PEN-CH
S206019J00,Blade Sweden Extra PEN-J
S20621300,Blade Battle Balsa ANA
S20631100,Blade Goiabao STR
S20631200,Blade Goiabao FLA
S206312C00,Blade Goiabao FLA-CH
S20631900,Blade Goiabao PEN
S206319C00,Blade Goiabao PEN-CH
S206811J00,Blade Sweden Ek Carbon STR-J
S206812J00,Blade Sweden Ek Carbon FLA-J
S206819J00,Blade Sweden Ek Carbon PEN-J
S207311J00,Blade Sweden Guardian STR-J
S207312J00,Blade Sweden Guardian FLA-J
S208011J00,Blade Falck W7 STR-J
S208012J00,Blade Falck W7 FLA-J
S208019J00,Blade Falck W7 PEN-J
S208111C00,Blade Falck Carbon STR-CH
S208111J00,Blade Falck Carbon STR-J
S208112C00,Blade Falck Carbon FLA-CH
S208112J00,Blade Falck Carbon FLA-J
S208119C00,Blade Falck Carbon PEN-CH
S208119J00,Blade Falck Carbon Pen-J
S208212J00,Blade Mark Wood FLA-J
S208312J00,Blade Mark Carbon FLA-J
S208412J00,Blade Tenacity Wood FLA-J
S208419J00,Blade Tenacity Wood PEN-J
S208422J00,Blade Tenacity Wood Chop Size FLA-J
S20851100,Blade Desafiador STR
S20851200,Blade Desafiador FLA
S208512C00,Blade Desafiador FLA-CH
S208512CNP,Blade Desafiador No Print FLA-CH
S20851900,Blade Desafiador PEN
S208519C00,Blade Desafiador PEN-CH
S208519CNP,Blade Desafiador No Print PEN-CH
S20999900,Blade YASAKA 2-Sort
S20999910,Blade DONIC Wood 2-Sort
S20999920,Blade DONIC Carbon 2-Sort
S25100111,NITTAKU Blade Acoustic G-Revision STR
S25100112,NITTAKU Blade Acoustic FLA
S25100121,NITTAKU Bladeacoustic G-REVISION ST
S25100122,NITTAKU Bladeacoustic G-REVISION FL
S25100211,NITTAKU Blade Acoustic Inner Carbon STR
S25100212,NITTAKU Blade Acoustic Inner Carbon FLA
S25100221,NITTAKU Blade ACOUSTIC CARBON INNER G-REVISION ST
S25100222,NITTAKU Blade ACOUSTIC CARBON INNER G-REVISION FL
S25100311,NITTAKU Blade Acoustic Outer Carbon STR
S25100312,NITTAKU Blade Acoustic Outer Carbon FLA
S25100321,NITTAKU Blade ACOUSTIC CARBON G-REVISION ST
S25100322,NITTAKU Blade ACOUSTIC CARBON G-REVISION FL
S25100411,NITTAKU Blade Violin STR
S25100412,NITTAKU Blade Violin FLA
S25100511,NITTAKU Blade Violin Carbon STR
S25100512,NITTAKU Blade Violin Carbon FLA
S25100611,NITTAKU Blade Tornado King Speed STR
S25100612,NITTAKU Blade Tornado King Speed FLA
S25100711,NITTAKU Blade Tenor STR
S25100712,NITTAKU Blade Tenor FLA
S25100811,NITTAKU Blade Septear STR
S25100812,NITTAKU Blade Septear FLA
S25100911,NITTAKU Blade Flyatt Carbon STR
S25100912,NITTAKU Blade Flyatt Carbon FLA
S25101011,NITTAKU Blade MIMA ITO CARBON ST
S25101012,NITTAKU Blade MIMA ITO CARBON FL
S25101112,NITTAKU Blade TRIBUS CARBON FL
S25101211,NITTAKU Blade HINA HAYATA ST
S25101212,NITTAKU Blade HINA HAYATA FL
S25101311,NITTAKU Blade SO-TEN ST
S25101312,NITTAKU Blade SO-TEN FL
S25101411,NITTAKU Blade GYO-EN ST
S25101412,NITTAKU Blade GYO-EN FL
S25101512,NITTAKU Blade GORIKI DANSHI FLA
S25101611,NITTAKU Blade Tenaly Acoustic STR
S25101612,NITTAKU Blade Tenaly Acoustic FLA
S26301200,Blade Inzone Flame XS FLA
S26311100,Blade Inzone Flame STR
S26311200,Blade Inzone Flame FLA
S26311300,Blade Inzone Flame ANA
S26321100,Blade Inzone Columbia STR
S26321200,Blade Inzone Columbia FLA
S26321300,Blade Inzone Columbia ANA
S26331100,Blade Inzone Explorer STR
S26331200,Blade Inzone Explorer FLA
S26331300,Blade Inzone Explorer ANA
S26341100,Blade Inzone Galaxy STR
S26341200,Blade Inzone Galaxy FLA
S26341300,Blade Inzone Galaxy ANA
S26351100,Blade Inzone Safe STR
S26351200,Blade Inzone Safe FLA
S26351300,Blade Inzone Safe ANA
S26601100,Blade Andro Gauzy BL5 STR
S26601200,Blade Andro Gauzy BL5 FLA
S26601300,Blade Andro Gauzy BL5 ANA
S26611100,Blade Andro Gauzy BL7 STR
S26611200,Blade Andro Gauzy BL7 FLA
S26611300,Blade Andro Gauzy BL7 ANA
S26621100,Blade Andro Gauzy HL CO STR
S26621200,Blade Andro Gauzy HL CO FLA
S26621300,Blade Andro Gauzy HL CO ANA
S26621900,Blade Andro Gauzy HL CO PEN
S26631100,Blade Andro Gauzy SL STR
S26631200,Blade Andro Gauzy SL FLA
S26631300,Blade Andro Gauzy SL ANA
S26631900,Blade Andro Gauzy SL PEN
S27141200,"AVALOX-AVX P700, FLA"
S28031100,Blade DONIC Waldner Offensive STR
S28031200,Blade DONIC Waldner Offensive FLA
S28031300,Blade DONIC Waldner Offensive ANA
S28041100,Blade DONIC Waldner Dicon STR
S280411W00,Blade DONIC Waldner Dicon Waldnershape STR
S280411WB,Blade DONIC Waldner Dicon Waldnershape STR D-JTTAA
S28041200,Blade DONIC Waldner Dicon FLA
S280412W00,Blade DONIC Waldner Dicon Waldnershape FLA
S280412WB,Blade DONIC Waldner Dicon Waldnershape FLA D-JTTAA
S28041300,Blade DONIC Waldner Dicon ANA
S28071100,Blade DONIC Feng Power STR
S28071200,Blade DONIC Feng Power FLA
S28071900,Blade DONIC Feng Power PEN
S28101100,Blade DONIC Persson Powerplay Senso V1 STR
S28101200,Blade DONIC Persson Powerplay Senso V1 FLA
S28101300,Blade DONIC Persson Powerplay Senso V1 ANA
S28111100,Blade DONIC Persson Powerplay Senso V2 STR
S28111200,Blade DONIC Persson Powerplay Senso V2 FLA
S28111300,Blade DONIC Persson Powerplay Senso V2 ANA
S28121100,Blade DONIC Appelgren Allplay Senso V1 STR
S28121200,Blade DONIC Appelgren Allplay Senso V1 FLA
S28121300,Blade DONIC Appelgren Allplay Senso V1 ANA
S28121900,Blade DONIC Appelgren Allplay Senso V1 PEN
S28131100,Blade DONIC Appelgren Allplay Senso V2 STR
S28131200,Blade DONIC Appelgren Allplay Senso V2 FLA
S28131300,Blade DONIC Appelgren Allplay Senso V2 ANA
S28131900,Blade DONIC Appelgren Allplay Senso V2 PEN
S28161100,Blade DONIC Appelgren Allplay STR
S28161200,Blade DONIC Appelgren Allplay FLA
S28161300,Blade DONIC Appelgren Allplay ANA
S28161900,Blade DONIC Appelgren Allplay PEN
S28162200,Blade DONIC Appelgren Allplay JR FLA
S28171100,Blade DONIC Persson Powerplay STR
S28171200,Blade DONIC Persson Powerplay FLA
S28171300,Blade DONIC Persson Powerplay ANA
S28201100,Blade DONIC Waldner Senso V1 STR
S282011W00,Blade DONIC Waldner Senso V1 Waldnershape STR
S28201200,Blade DONIC Waldner Senso V1 FLA
S282012W00,Blade DONIC Waldner Senso V1 Waldnershape FLA
S28201300,Blade DONIC Waldner Senso V1 ANA
S28211100,Blade DONIC Waldner Senso V2 STR
S282111W00,Blade DONIC Waldner Senso V2 Waldnershape STR
S28211200,Blade DONIC Waldner Senso V2 FLA
S282112W00,Blade DONIC Waldner Senso V2 Waldnershape FLA
S28211300,Blade DONIC Waldner Senso V2 ANA
S28221100,Blade DONIC Persson Power Allround STR
S28221200,Blade DONIC Persson Power Allround FLA
S28221300,Blade DONIC Persson Power Allround ANA
S28222200,Blade DONIC Persson Power Allround JR FLA
S28351100,Blade DONIC Waldner Allplay STR
S28351200,Blade DONIC Waldner Allplay FLA
S28351300,Blade DONIC Waldner Allplay ANA
S28361100,Blade DONIC Defplay Senso V3 STR
S283611B00,Blade DONIC Defplay Senso V3 STR D-JTTAA
S28361200,Blade DONIC Defplay Senso V3 FLA
S283612B00,Blade DONIC Defplay Senso V3 FLA D-JTTAA
S28361300,Blade DONIC Defplay Senso V3 ANA
S28361900,Blade Donic Defplay Senso V3 PEN
S283619B00,Blade DONIC Defplay Senso V3 PEN D-JTTAA
S284221W00,Blade DONIC Waldner Carbon Special Senso V1 STR
S284221WB00,Blade DONIC Waldner Carbon Special Senso V1 STR D-JTTAA
S284222W00,Blade DONIC Waldner Carbon Special Senso V1 FLA
S284222WB00,Blade DONIC Waldner Carbon Special Senso V1 FLA D-JTTAA
S284223W00,Blade DONIC Waldner Carbon Special Senso V1 ANA
S28424100,Blade DONIC Waldner Carbon Senso V1 STR
S284241W00,Blade DONIC Waldner Carbon Senso V1 Waldnershape STR
S284241WB00,Blade DONIC Waldner Carbon Senso V1 Waldnershape STR D-JTTAA
S28424200,Blade DONIC Waldner Carbon Senso V1 FLA
S284242W00,Blade DONIC Waldner Carbon Senso V1 Waldnershape FLA
S284242WB00,Blade DONIC Waldner Carbon Senso V1 Waldnershape FLA D-JTTAA
S28424300,Blade DONIC Waldner Carbon Senso V1 ANA
S284243W00,Blade DONIC Waldner Carbon Senso V1 Waldnershape ANA
S28424900,Blade DONIC Waldner Carbon Senso V1 PEN
S28432100,Blade DONIC Persson Power Carbon Senso V1 STR
S28432200,Blade DONIC Persson Power Carbon Senso V1 FLA
S28432300,Blade DONIC Persson Power Carbon Senso V1 ANA
S28441100,Blade DONIC Master Ultra Power STR
S28441200,Blade DONIC Master Ultra Power FLA
S28441900,Blade DONIC Master Ultra Power PEN
S28841100,Blade DONIC Defplay Classic Senso V3 STR
S288411B00,Blade DONIC Defplay Classic Senso V3 STR D-JTTAA
S28841200,Blade DONIC Defplay Classic Senso V3 FLA
S288412B00,Blade DONIC Defplay Classic Senso V3 FLA D-JTTAA
S28841300,Blade DONIC Defplay Classic Senso V3 ANA
S28841900,Blade Donic Defplay Classic Senso V3 PEN
S288419B00,Blade DONIC Defplay Classic Senso V3 PEN D-JTTAA
S28911200,Blade DONIC Carrera Senso V1 FLA
S28911900,Blade DONIC Carrera Senso V1 PEN
S28943100,Blade DONIC Original Senso V1 STR
S28943200,Blade DONIC Original Senso V1 FLA
S28943300,Blade DONIC Original Senso V1 ANA
S28943900,Blade DONIC Original Senso V1 PEN
S28953100,Blade DONIC Waldner Ultra Carbon Senso V1 STR
S289531W00,Blade DONIC Waldner Ultra Carbon Senso V1 Waldnershape STR
S289531WB00,Blade DONIC Waldner Ultra Carbon Senso V1 Waldnershape STR D-JTTAA
S28953200,Blade DONIC Waldner Ultra Carbon Senso V1 FLA
S289532W00,Blade DONIC Waldner Ultra Carbon Senso V1 Waldnershape FLA
S289532WB00,Blade DONIC Waldner Ultra Carbon Senso V1 Waldnershape FLA D-JTTAA
S28953300,Blade DONIC Waldner Ultra Carbon Senso V1 ANA
S29011100,Blade DONIC Persson Power Allround Senso V1 STR
S29011200,Blade DONIC Persson Power Allround Senso V1 FLA
S29011300,Blade DONIC Persson Power Allround Senso V1 ANA
S29021100,Blade DONIC Persson Power Allround Senso V2 STR
S29021200,Blade DONIC Persson Power Allround Senso V2 FLA
S29021300,Blade DONIC Persson Power Allround Senso V2 ANA
S29112200,Blade DONIC Original Senso V2 FLA
S29142100,Blade DONIC Original Carbon Senso V1 STR
S29142200,Blade DONIC Original Carbon Senso V1 FLA
S29142300,Blade DONIC Original Carbon Senso V1 ANA
S29471100,Blade DONIC Master Ultra Power V3 STR
S29471200,Blade DONIC Master Ultra Power V3 FLA
S29471300,Blade DONIC Master Ultra Power V3 ANA
S29481200,Blade DONIC European Carbon FLA
S29481900,Blade DONIC European Carbon PEN
S29491200,Blade DONIC Champion Star FLA
S29491900,Blade DONIC Champion Star PEN
S30003000,BAT SPIRIT CARBON
S30003100,BAT EXPERT XXXXX
S30003200,BAT MAX CARBON XXXXX
S300312L00,Bat Mark V Limited Edition
S300412L00,Bat Mark V Carbon Limited Edition
S300512,Racket Andrasortering
S30501600,RACKETSET DUET
S44100300,"Yasaka XXX 40+, 3-Pack"
S441014400,"YASAKA XXX 40+, 144-P,white"
S44120300,"Yasaka SUPER X 40+, 3-Pack"
S44136000,"YASAKA SUPER 1 Star, 60 ST"
S45070300,"NITTAKU SHA 40+ Xxx, WHITE 3-Pac"
S45080300,NITTAKU XXX PREMIUM 40+ WHITE 3P
S45090300,NITTAKU XXX NEXCEL 40+ YELLOW 3P
S450912000,"NITTAKU JTOP 40+, WHITE 120-PCS"
S450924000,"NITTAKU JTOP 40+, VIT 240-PACK"
S51029000,Troja VEGA BLUE 5XS
S51029200,SHIRT VEGA BLUE XXXS
S51029300,SHIRT VEGA BLUE XXS
S51029400,SHIRT VEGA BLUE XS
S51029500,SHIRT VEGA BLUE S
S51029600,SHIRT VEGA BLUE M
S51029700,SHIRT VEGA BLUE L
S51029800,SHIRT VEGA BLUE XL
S51029900,SHIRT VEGA BLUE XXL
S51030000,SHIRT VEGA BLUE 3XL
S51030100,Troja VEGA Olivgreen 5XS
S51030200,SHIRT VEGA OLIVEGREEN XXXS
S51030300,SHIRT VEGA OLIVEGREEN XXS
S51030400,SHIRT VEGA OLIVEGREEN XS
S51030500,SHIRT VEGA OLIVEGREEN S
S51030600,SHIRT VEGA OLIVEGREEN M
S51030700,SHIRT VEGA OLIVEGREEN L
S51030800,SHIRT VEGA OLIVEGREEN XL
S51030900,SHIRT VEGA OLIVEGREEN XXL
S51031000,SHIRT VEGA Olivegreen XXXL
S51031200,SHIRT VEGA RED XXXS
S51031300,SHIRT VEGA RED XXS
S51031400,SHIRT VEGA RED XS
S51031500,SHIRT VEGA RED S
S51031600,SHIRT VEGA RED M
S51031700,SHIRT VEGA RED L
S51031800,SHIRT VEGA RED XL
S51031900,SHIRT VEGA RED XXL
S51032000,SHIRT VEGA RED XXXL
S51032800,SHIRT KOMPIRA RED XL
S51032900,SHIRT KOMPIRA RED XXL
S51033000,SHIRT KOMPIRA RED XXXL
S51033100,SHIRT KOMPIRA RED 4XL
S51033800,SHIRT KOMPIRA NAVY XL
S51033900,SHIRT KOMPIRA NAVY XXL
S51034000,SHIRT KOMPIRA NAVY XXXL
S51034100,SHIRT KOMPIRA MARIN 4XL
S51034200,SHIRT INARI GREY/PINK XXXS
S51034300,SHIRT INARI GREY/PINK XXS
S51034400,SHIRT INARI GREY/PINK XS
S51034500,SHIRT INARI GREY/PINK S
S51034600,SHIRT INARI GREY/PINK M
S51034700,SHIRT INARI GREY/PINK L
S51034800,SHIRT INARI GREY/PINK XL
S51034900,SHIRT INARI GREY/PINK XXL
S51034910,SHIRT INARI GREY/PINK XXXL
S51035200,SHIRT FUJIN BLUE/TURQUOISE XXXS
S51035300,SHIRT FUJIN BLUE/TURQUOISE XXS
S51035400,SHIRT FUJIN BLUE/TURQUOISE XS
S51035500,SHIRT FUJIN BLUE/TURQUOISE S
S51035600,SHIRT FUJIN BLUE/TURQUOISE M
S51035700,SHIRT FUJIN BLUE/TURQUOISE L
S51035800,SHIRT FUJIN BLUE/TURQUOISE XL
S51035900,SHIRT FUJIN BLUE/TURQUOISE XXL
S51035910,SHIRT FUJIN BLUE/TURQUOISE XXXL
S51036200,SHIRT YASAKA GOLD XXXS
S51036300,SHIRT YASAKA GOLD XXS
S51036400,SHIRT YASAKA GOLD XS
S51036500,SHIRT YASAKA GOLD S
S51036600,SHIRT YASAKA GOLD M
S51036700,SHIRT YASAKA GOLD L
S51036800,SHIRT YASAKA GOLD XL
S51036900,SHIRT YASAKA GOLD XXL
S51037000,SHIRT YASAKA GOLD XXXL
S51038100,SHIRT AMATERASU XXXS
S51038200,SHIRT AMATERASU XXS
S51038300,SHIRT AMATERASU XS
S51038400,SHIRT AMATERASU S
S51038500,SHIRT AMATERASU M
S51038600,SHIRT AMATERASU L
S51038700,SHIRT AMATERASU XL
S51038800,SHIRT AMATERASU XXL
S51038890,SHIRT AMATERASU XXXL
S51039100,SHIRT AMATERASU LADY XXXS
S51039200,SHIRT AMATERASU LADY XXS
S51039300,SHIRT AMATERASU LADY XS
S51039400,SHIRT AMATERASU LADY S
S51039500,SHIRT AMATERASU LADY M
S51039600,SHIRT AMATERASU LADY L
S51039700,SHIRT AMATERASU LADY XL
S51039800,SHIRT AMATERASU LADY XXL
S51039900,SHIRT AMATERASU LADY XXXL
S51260000,SHORTS ABORA BLACK 5XS
S51260200,SHORTS ABORA BLACK XXXS
S51260300,SHORTS ABORA BLACK XXS
S51260400,SHORTS ABORA BLACK XS
S51260500,SHORTS ABORA BLACK S
S51260600,SHORTS ABORA BLACK M
S51260700,SHORTS ABORA BLACK L
S51260800,SHORTS ABORA BLACK XL
S51260900,SHORTS ABORA BLACK XXL
S51261000,SHORTS ABORA BLACK XXXL
S51270200,SHORTS ABORA MARIN XXXS
S51270300,SHORTS ABORA MARIN XXS
S51270400,SHORTS ABORA MARIN XS
S51270500,SHORTS ABORA MARIN S
S51270600,SHORTS ABORA MARIN M
S51270700,SHORTS ABORA MARIN L
S51270800,SHORTS ABORA MARIN XL
S51270900,SHORTS ABORA MARIN XXL
S51271000,SHORTS ABORA MARIN XXXL
S51290300,SKIRT CHIKARA BLACK XXS
S51290400,SKIRT CHIKARA BLACK XS
S51290500,SKIRT CHIKARA BLACK S
S51290600,SKIRT CHIKARA BLACK M
S51290700,SKIRT CHIKARA BLACK L
S51290800,SKIRT CHIKARA BLACK XL
S51290900,SKIRT CHIKARA BLACK XXL
S53470100,HOOD KANSAS Olivgreen XXXL
S53480200,OVERALL ACALA RED/BLACK XXXS
S53480300,OVERALL ACALA RED/BLACK XXS
S53480400,OVERALL ACALA RED/BLACK XS
S53480500,OVERALL ACALA RED/BLACK S
S53480600,OVERALL ACALA RED/BLACK M
S53480700,OVERALL ACALA RED/BLACK L
S53480800,OVERALL ACALA RED/BLACK XL
S53480900,OVERALL ACALA RED/BLACK XXL
S53481000,OVERALL ACALA RED/BLACK XXXL
S53490200,OVERALL ACALA NAVY/ROYAL XXXS
S53490300,OVERALL ACALA NAVY/ROYAL XXS
S53490400,OVERALL ACALA NAVY/ROYAL XS
S53490500,OVERALL ACALA NAVY/ROYAL S
S53490600,OVERALL ACALA NAVY/ROYAL M
S53490700,OVERALL ACALA NAVY/ROYAL L
S53490800,OVERALL ACALA NAVY/ROYAL XL
S53490900,OVERALL ACALA NAVY/ROYAL XXL
S53491000,OVERALL ACALA NAVY/ROYAL XXXL
S53505100,HOOD SAMURAJ Black/Silver XXXS
S53505200,HOOD SAMURAJ Black/Silver XXS
S53505300,HOOD SAMURAJ Black/Silver XS
S53505400,HOOD SAMURAJ Black/Silver S
S53505500,HOOD SAMURAJ Black/Silver M
S53505600,HOOD SAMURAJ Black/Silver L
S53505700,HOOD SAMURAJ Black/Silver XL
S53505800,HOOD SAMURAJ Black/Silver XXL
S53505900,HOOD SAMURAJ Black/Silver XXXL
S60010900,CLICKY PRESS
S60031200,GLUE SPECIAL 100 ML
S60031400,NORISUKE-SAN 375 ML
S60031700,YASAKA VATTENFLASKA
S60050400,Natstallning SWIFT U. TRYCK
S60050600,MASTER 2000 C
S60051100,Lost Nat
S60051700,Hojdjusteringsskruv-ESPACE
S60051800,Hojdjusteringsskruv-PROGRESS
S60052000,HJULSATS-PROGRESS Roller
S60063700,BAG TEMPEST
S60100500,KANTBAND YASAKA 9mm-5m BLUE/YELLOW
S60100600,KANTBAND 50M-6MM
S60100900,YASAKA KANTBAND 50M-9MM
S60112000,YASAKA SVETTBAND-Bluett
S60112100,YASAKA SVETTBAND-BLACK
S60112200,YASAKA SVETTBAND-RED
S60121000,DOMARBORD YASAKA
S60130410,SURROUNDER PREMIUM YASAKA BLACK Ytt.com
S60131101,SURROUNDER CLOTH YASAKA 2.3 M
S60131102,SURROUNDER CLOTH YASAKA Ytt.com
S601316,TOWELBOX YASAKA
S60200200,MINIBORD YASAKA
S61110300,Sock ARC 35- (39 mm)
S65024800,"SOCK Waldner, J:r"
S65024900,"SOCK Waldner, S:r"
S65025000,SOCK TRINO J:r
S65025100,SOCK TRINO S:r
S65035000,SOCK DONIC RIVOLI JR
S65035100,SOCK DONIC RIVOLI SR
S65035200,SOCK TRINO J:r
S65035300,SOCK TRINO S:r
S65035600,"Donic Socka ETNA Jr, BLACK/BLUE"
S65035700,"Donic Socka ETNA Sr, BLACK/BLUE"
S65293300,SKO WALDNER FLEX III WHITE (33 mm)
S65293400,SKO WALDNER FLEX III WHITE (34 mm)
S65293500,SKO WALDNER FLEX III WHITE (35 mm)
S65293600,SHOE WALDNER FLEX III WHITE (36 mm)
S65293700,SHOE WALDNER FLEX III WHITE (37 mm)
S65293800,SHOE WALDNER FLEX III WHITE (38 mm)
S65293900,SHOE WALDNER FLEX III WHITE (39 mm)
S65294000,SHOE WALDNER FLEX III WHITE (40 mm)
S65294100,SHOE WALDNER FLEX III WHITE (41 mm)
S65294200,SHOE WALDNER FLEX III WHITE (42 mm)
S65294300,SHOE WALDNER FLEX III WHITE (43 mm)
S65294400,SHOE WALDNER FLEX III WHITE (44 mm)
S65294500,SHOE WALDNER FLEX III WHITE (45 mm)
S65294600,SHOE WALDNER FLEX III WHITE (46 mm)
S65294700,SKO WALDNER FLEX III WHITE (47 mm)
S65363600,SKO WALDNER FLEX III BLUE (36 mm)
S65363700,SKO WALDNER FLEX III BLUE (37 mm)
S65363800,SKO WALDNER FLEX III BLUE (38 mm)
S65363900,SKO WALDNER FLEX III BLUE (39 mm)
S65364000,SKO WALDNER FLEX III BLUE (40 mm)
S65364100,SKO WALDNER FLEX III BLUE (41 mm)
S65364200,SKO WALDNER FLEX III BLUE (42 mm)
S65364300,SKO WALDNER FLEX III BLUE (43 mm)
S65364400,SKO WALDNER FLEX III BLUE (44 mm)
S65364500,SKO WALDNER FLEX III BLUE (45 mm)
S65364600,SKO WALDNER FLEX III BLUE (46 mm)
S70006400,BAT WALDNER 400 NV
S70006500,BAT WALDNER 500 NV
S70006600,BAT WALDNER 6OO NV
S70006700,BAT WALDNER 700 NV
S70006800,BAT WALDNER 800 NV
S70006900,BAT WALDNER 900 NV
S70007000,BAT WALDNER (1000 mm)
S70010300,"BALL DONIC P40+ Xxx, WHITE 3-P"
S70011000,"DONIC 40+ Xxx, WHITE 3-PCS"
S70011400,"DONIC P40+ Xxx, WHITE 120-PCS"
S70011500,"BALL P40+ COACH Xx, WHITE 120-P"
S70011501,"BALL P40+ COACH Xx, WHITE 6-P"
S70011600,"BOLL P40+ COACH X, WHITE 120-P"
S70012700,BOLL DONIC 40+ COACH VIT 120-P
S70024100,Rengoringssvamp
S70024500,NET CLIP PRO
S70024600,NET STRESS
S70026100,Barriar DONIC
S70026200,UMPIRE TABLE DONIC
S70026300,TOWELBOX DONIC
S70026700,SCORER DONIC SCORER
S70026800,ROBOT ROBOPONG (1055 mm)
S70026900,DONIC CATCH NET FOR ROBOPONG
S70027400,ROBOPONG UPPGRADERINGSATS
S70027500,SURROUNDER DONIC COMPETITION
S70027600,UMPIRE TABLE DONIC COMPETITION
S70027800,SURROUNDERCLOTH DONIC Comp.
S70028000,HANDDUK DONIC FLUX BLUE/Marin
S70028100,UMPIRE TABLE COMP DONIC
S70028300,HANDDUK DONIC FLUX GREY/BLACK
S70028500,"ROLLERBAG Donic, GREY/BLACK"
S70029000,KANTBAND DONIC 10 MM-50m
S70029100,K-BAND DONIC 12mm/ (50 mm)
S70029200,KANTBAND DONIC 12mm-5m
S70029300,KANTBAND DONIC 10mm-5m
S70029400,ROBOT ROBOPONG (2050 mm)
S70029500,ROBOT ROBOPONG (1050 mm)
S70029600,ROBOT ROBOPONG (2055 mm)
S70029800,Ryggsack CLIMB BLACK/WHITE
S70030700,LIM VARIO CLEAN 37 ML
S70030800,LIM VARIO CLEAN 90 ML
S70030900,LIM VARIO CLEAN 500 ML
S70031000,LIM FORMULA FIRST 25 G
S70031200,LIMFOLIE DONIC
S70031400,EASY FIX 25 ML
S70031500,GLUE BLUE CONTACT 90 ML
S70032000,TOWEL DONIC SCAN GREEN
S70032100,TOWEL DONIC SCAN RED
S70032200,HANDDUK DONIC TRIX BLACK/Lime
S70032300,HANDDUK DONIC TRIX Marin/Cyan
S70041700,"DVD Technik, Taktik, TRICKS"
S70041800,DONIC GUMMIROLLER
S70041900,DONIC ROLLERBOX
S70042000,DONIC MINI-TABLE
S70042100,WALLET DONIC RED/BLACK
S70042300,DONIC Stomforpackningar
S70042400,RUBBERCLEANER BIO CLEAN 125 M
S70042500,RUBBERCLEANER COMBI C 100 ML
S70042600,DVD JAN OVE WALDNER
S70042700,SAX DONIC
S70042800,Gummirengoring Bio Clean (250 mm)
S70042900,DIGITAL UPGRADE KIT
S70043300,GLUE SPONGE VARIO CLEAN
S70043500,DONIC Ball Collector Collect
S71021900,TABLE WALDNER HIGH SC
S71022400,Waldner Classic (25 mm)
S71022500,TABLE DONIC WORLD CHAMPION TC
S710226,TABLE DONIC COMPACT 25 Blue
S71022600,TABLE DONIC COMPACT 25 Blue
S71022700,RESERVDELAR TABLE
S71032200,TABLE DEHLI SLC
S71032800,MIDI TABLE FOR FUN
S71032900,SCORER DONIC MATCH
S71050200,Vaska SNIPE GREY-Melange
S71050300,Rullvaska/Ryggsack WHEELIE
S71050600,Vaska SNIPE BLUE-Melange
S71050700,BACKPACK RHYTHM BLUE-MELANGE
S71060000,BATWALLET PHASE BLACK/SILVER
S71060100,BATWALLET PHASE BLACK/RED
S71060200,BATWALLET PIXEL GREY-MELANGE
S71060400,BATWALLET PHASE BLUE-MELANGE
S71060500,BATWALLET PHASE GREY-MELANGE
S71060600,BATWALLET PIXEL BLUE-MELANGE
S71060700,BATWALLET LEGENDS BLUE
S71060900,BATWALLET HARDCASE BLACK
S71061000,BATWALLET HARDCASE BLUE
S71061300,Vaska SECA BLACK/YELLOW
S71061400,Vaska PIN BLACK/YELLOW
S71061500,Ryggsack FACTION BLACK/YELLOW
S71061600,Racketvaska SIMPLEX BLACK/YELLOW
S71061700,Racketvaska DUPLEX BLACK/YELLOW
S71061800,Racketvaska DUPLEX GREY/RED
S71061900,Racketvaska SIMPLEX GREY/RED
S71062200,Ryggsack NOVA BLACK
S71062300,Vaska SEQUENCE BLACK
S71062400,BATWALLET POP BLACK/GLUE
S71062401,Donic Double Bat Cover Rooster Black/White
S71062402,Donic Double Bat Cover Rooster Navy/Cyan
S71062403,Donic Bag Volt Black
S71062404,Donic Bag Revox Cyan/Navy
S71062405,Donic Backpack Traver Black
S71062500,BATWALLET POP BLACK/CYAN
S71063000,BACKPACK TRAVER
S71063100,BAG TENSE BLUE
S71063200,BAG VOLT BLACK
S71063401,NITTAKU CAMOGE CASE
S71063402,NITTAKU E-ZIP Glue
S71063403,NITTAKU STRIPE GUARD 8mm
S71063404,NITTAKU STRIPE GUARD 10mm
S71063405,NITTAKU STRIPE GUARD 12mm
S71063406,NITTAKU GRIP TAPE
S72011100,Blade Waldner Dicon STR
S72011200,Blade Waldner Dicon FLA
S72041100,Blade Persson Powerplay STR
S72041200,Blade Persson Powerplay FLA
S72041300,Blade Persson Powerplay ANA
S72051100,Blade Persson Powerplay Senso V1 STR
S72051200,Blade Persson Powerplay Senso V1 FLA
S72051300,Blade Persson Powerplay Senso V1 ANA
S72061100,Blade Persson Powerplay Senso V2 STR
S72061200,Blade Persson Powerplay Senso V2 FLA
S72061300,Blade Persson Powerplay Senso V2 ANA
S72081100,Blade Persson Power Allround STR
S72081200,Blade Persson Power Allround FLA
S72081300,Blade Persson Power Allround ANA
S72091100,Blade Appelgren Allplay STR
S72091200,Blade Appelgren Allplay FLA
S72091300,Blade Appelgren Allplay ANA
S72101100,Blade Appelgren Allplay Senso V1 STR
S72101200,Blade Appelgren Allplay Senso V1 FLA
S72101300,Blade Appelgren Allplay Senso V1 ANA
S72101900,Blade Appelgren Allplay Senso V1 PEN
S72111100,Blade Appelgren Allplay Senso V2 STR
S72111200,Blade Appelgren Allplay Senso V2 FLA
S72111300,Blade Appelgren Allplay Senso V2 ANA
S72131100,Blade Waldner Senso V1 STR
S72131200,Blade Waldner Senso V1 FLA
S72131300,Blade Waldner Senso V1 ANA
S72141100,Blade Waldner Senso V2 STR
S72141200,Blade Waldner Senso V2 FLA
S72141300,Blade Waldner Senso V2 ANA
S72181100,Blade Waldner Allplay STR
S72181200,Blade Waldner Allplay FLA
S72191100,Blade Defplay Senso V3 STR
S72191200,Blade Defplay Senso V3 FLA
S72191300,Blade Defplay Senso V3 ANA
S72202100,Blade Waldner Carbon Senso V1 STR
S722021W00,Blade Waldner Carbon Senso V1 Waldnershape STR
S72202200,Blade Waldner Carbon Senso V1 FLA
S722022W00,Blade Waldner Carbon Senso V1 Waldnershape FLA
S72202300,Blade Waldner Carbon Senso V1 ANA
S72212100,Blade Persson Power Carbon Senso V1 STR
S72212200,Blade Persson Power Carbon Senso V1 FLA
S72212300,Blade Persson Power Carbon Senso V1 ANA
S72221100,STOMME WALDNER IMPULS 6.0 STRAIGHT
S72221200,STOMME WALDNER IMPULS 6.0 Concavek
S72221300,STOMME WALDNER IMPULS 6.0 ANATOMIC
S72231100,STOMME WALDNER IMPULS 6.5 STRAIGHT
S72231200,STOMME WALDNER IMPULS 6.5 Concavek
S72231300,STOMME WALNDER IMPULS 6.5 ANATOMIC
S72241100,STOMME PERSSON IMPULS 7.0 STRAIGHT
S72241200,STOMME PERSSON IMPULS 7.0 Concavek
S72241300,STOMME PERSSON IMPULS 7.0 ANATOMIC
S72251100,STOMME PERSSON IMPULS 7.5 STRAIGHT
S72251200,STOMME PERSSON IMPULS 7.5 Concavek
S72251300,STOMME PERSSON IMPULS 7.5 ANATOMIC
S72311100,Blade Defplay Classic Senso V3 STR
S72311200,Blade Defplay Classic Senso V3 FLA
S72320000,"WALDNER DOTEC Ar, RIGHT"
S72320100,"WALDNER DOTEC Ar, LEFT"
S72330000,"PERSSON DOTEC Off, RIGHT"
S72330100,"PERSSON DOTEC Off, LEFT"
S72340100,"WALDNER DOTEC Carbon, Vanster"
S72422100,Blade Waldner Ultra Carbon Senso V1 STR
S724221W00,Blade Waldner Ultra Carbon Senso V1 Waldnershape STR
S72422200,Blade Waldner Ultra Carbon Senso V1 FLA
S724222W00,Blade Waldner Ultra Carbon Senso V1 Waldnershape FLA
S72432100,Blade Original Senso V1 STR
S72432200,Blade Original Senso V1 FLA
S72432300,Blade Original Senso V1 ANA
S72461100,Blade Persson Power Allround Senso V1 STR
S72461200,Blade Persson Power Allround Senso V1 FLA
S72461300,Blade Persson Power Allround Senso V1 ANA
S72471100,Blade Persson Power Allround Senso V2 STR
S72471200,Blade Persson Power Allround Senso V2 FLA
S72471300,Blade Persson Power Allround Senso V2 ANA
S72511200,Blade Original Carbon Senso V1 FLA
S72511300,Blade Original Carbon Senso V1 ANA
S72641100,"WALDNER W. Champ. Off, STR"
S72641200,"WALDNER W. Champ. Off, FLA"
S72651100,PERSSON W.champ 0ff+ STR
S72651200,PERSSON W.champ 0ff+ FLA
S72661100,"APPELGREN All+ W. Champ, STR"
S72661200,"APPELGREN All+ W. Champ, KON"
S72681100,PERSSON Off+ WORLD CHAMP89 STR
S72681200,PERSSON Off+ WORLD CHAMP89 KON
S72691100,WALDNER OFF WORLD CHAMP 89 STR
S72691200,WALDNER OFF WORLD CHAMP 89 KON
S72701100,APPELGREN ALL + WORLD CHAM STR
S72701200,APPELGREN ALL + WORLD CHAM CONCAVE
S72710000,DONIC AUTOGRAPH BLADE
S72711100,ORIGINAL TRUE CARBON STR
S72711200,ORIGINAL TRUE CARBON FLA
S72711300,ORIGINAL TRUE CARBON ANAT
S72721100,"DONIC CREST Ar+, STRAIGHT"
S72741100,Blade Waldner Offensive STR
S72741200,Blade Waldner Offensive FLA
S72781100,TRUE CARBON INNER STR
S72781200,TRUE CARBON INNER FLA
S72781300,TRUE CARBON INNER ANAT
S72791300,"BALSA CARBON Certran, ANATOMIC"
S72841100,"ANDERS LIND HEXA Carbon, STRAIGHT"
S72841200,"ANDERS LIND HEXA Carbon, KONKAV"
S72851200,"ORIGINAL Carbospeed, KONKAV"
S72861200,"WHIPER OUTER Carbon, CONCAVE"
S72871100,"ORIGINAL No. 1, STRAIGHT"
S72871200,"ORIGINAL No. 1, CONCAVE"
S72881100,NEW IMPULSE 7.o STRAIGHT
S72881200,NEW IMPULSE 7.o CONCAVE
S72881300,NEW IMPULSE 7.o ANATOMIC
S72891101,ZHANG JIKE ORIGINAL CARBON STRAIGHT
S72891201,ZHANG JIKE ORIGINAL CARBON CONCAVE
S72901101,ZHANG JIKE NEW ERA STRAIGHT
S72901201,ZHANG JIKE NEW ERA CONCAVE
S73671200,SLICE 40 RED (1.2 mm)
S73671500,SLICE 40 RED (1.5 mm)
S73681200,SLICE 40 BLACK (1.2 mm)
S73681500,SLICE 40 BLACK (1.5 mm)
S74191800,DESTO F3 BIG SLAM Rod (1.8 mm)
S74192000,DESTO F3 BIG SLAM Rod (2.0 mm)
S74192500,DESTO F3 BIG SLAM Rod (max)
S74201800,DESTO F3 BIG SLAM SVART (1.8 mm)
S74202000,DESTO F3 BIG SLAM SVART (2.0 mm)
S74202500,DESTO F3 BIG SLAM SVART (max)
S74291800,VARIO BIG SLAM RED (1.8 mm)
S74292000,VARIO BIG SLAM RED (2.0 mm)
S74292500,VARIO BIG SLAM RED (max)
S74301800,VARIO BIG SLAM BLACK (1.8 mm)
S74302000,VARIO BIG SLAM BLACK (2.0 mm)
S74302500,VARIO BIG SLAM BLACK (max)
S74332000,BARACUDA RED (2.0 mm)
S74332500,BARACUDA RED (max)
S74342500,BARACUDA BLACK (max)
S74371800,ACUDA S1 RED (1.8 mm)
S74372000,ACUDA S1 RED (2.0 mm)
S74372500,ACUDA S1 RED (max)
S74381800,ACUDA S1 BLACK (1.8 mm)
S74382000,ACUDA S1 BLACK (2.0 mm)
S74382500,ACUDA S1 BLACK (max)
S74391800,ACUDA S2 RED (1.8 mm)
S74392000,ACUDA S2 RED (2.0 mm)
S74392500,ACUDA S2 RED (max)
S74401800,ACUDA S2 BLACK (1.8 mm)
S74402000,ACUDA S2 BLACK (2.0 mm)
S74402500,ACUDA S2 BLACK (max)
S74411800,ACUDA S3 RED (1.8 mm)
S74412000,ACUDA S3 RED (2.0 mm)
S74412500,ACUDA S3 RED (max)
S74421800,ACUDA S3 BLACK (1.8 mm)
S74422000,ACUDA S3 BLACK (2.0 mm)
S74422500,ACUDA S3 BLACK (max)
S74432000,COPPA X1 TURBO PLATIN RED (2.0 mm)
S74432500,COPPA X1 TURBO PLATIN RED (max)
S74442000,COPPA X1 TURBO PLATIN Sv (2.0 mm)
S74442500,COPPA X1 TURBO PLATIN BL (max)
S74452000,COPPA X1 (gold) RED (2.0 mm)
S74462000,COPPA X1 (gold) BLACK (2.0 mm)
S74471800,COPPA X2 PLATIN SOFT RED (1.8 mm)
S74472000,COPPA X2 PLATIN SOFT RED (2.0 mm)
S74472500,COPPA X2 PLATIN SOFT RED (max)
S74482000,COPPA X2 PLATIN SOFT BLACK (2.0 mm)
S74482500,COPPA X2 PLATIN SOFT BLACK (max)
S74491800,COPPA X3 (silver) RED (1.8 mm)
S74492000,COPPA X3 (silver) RED (2.0 mm)
S74492500,COPPA X3 (silver) RED (max)
S74501800,COPPA X3 (silver) BLACK (1.8 mm)
S74502000,COPPA X3 (silver) BLACK (2.0 mm)
S74502500,COPPA X3 (silver) BLACK (max)
S74532000,ACUDA S1 TURBO RED 2.0 MM
S74532500,ACUDA S1 TURBO RED (max)
S74542000,ACUDA S1 TURBO BLACK 2.0 MM
S74542500,ACUDA S1 TURBO BLACK (max)
S74671800,BLUEFIRE M1 RED (1.8 mm)
S74672000,BLUEFIRE M1 RED (2.0 mm)
S74672500,BLUEFIRE M1 RED (max)
S74681800,BLUEFIRE M1 BLACK (1.8 mm)
S74682000,BLUEFIRE M1 BLACK (2.0 mm)
S74682500,BLUEFIRE M1 BLACK (max)
S74691800,BLUEFIRE M2 RED (1.8 mm)
S74692000,BLUEFIRE M2 RED (2.0 mm)
S74692500,BLUEFIRE M2 RED (max)
S74701800,BLUEFIRE M2 BLACK (1.8 mm)
S74702000,BLUEFIRE M2 BLACK (2.0 mm)
S74702500,BLUEFIRE M2 BLACK (max)
S74711800,BLUEFIRE M3 RED (1.8 mm)
S74712000,BLUEFIRE M3 RED (2.0 mm)
S74712500,BLUEFIRE M3 RED (max)
S74721800,BLUEFIRE M3 BLACK (1.8 mm)
S74722000,BLUEFIRE M3 BLACK (2.0 mm)
S74722500,BLUEFIRE M3 BLACK (max)
S74731800,BLUEFIRE JP 01 RED (1.8 mm)
S74732000,BLUEFIRE JP 01 RED (2.0 mm)
S74732500,BLUEFIRE JP 01 RED (max)
S74741800,BLUEFIRE JP 01 BLACK (1.8 mm)
S74742000,BLUEFIRE JP 01 BLACK (2.0 mm)
S74742500,BLUEFIRE JP 01 BLACK (max)
S74751800,BLUEFIRE JP 03 RED (1.8 mm)
S74752000,BLUEFIRE JP 03 RED (2.0 mm)
S74752500,BLUEFIRE JP 03 RED (max)
S74761800,BLUEFIRE JP3 BLACK (1.8 mm)
S74762000,BLUEFIRE JP3 BLACK (2.0 mm)
S74762500,BLUEFIRE JP3 BLACK (max)
S74782500,BLUEFIRE JP01 TURBO BLACK (max)
S74792000,BLUEFIRE MI TURBO RED (2.0 mm)
S74792500,BLUEFIRE MI TURBO RED (max)
S74802000,BLUEFIRE MI TURBO BLACK (2.0 mm)
S74802500,BLUEFIRE MI TURBO BLACK (max)
S74811800,BLUEFIRE JP 02 RED (1.8 mm)
S74812000,BLUEFIRE JP 02 RED (2.0 mm)
S74812500,BLUEFIRE JP 02 RED (max)
S74821800,BLUEFIRE JP 02 BLACK (1.8 mm)
S74822000,BLUEFIRE JP 02 BLACK (2.0 mm)
S74822500,BLUEFIRE JP 02 BLACK (max)
S74830000,SPIKE P1 RED OX
S74830100,SPIKE P1 RED 0.3- (0.6 mm)
S74830200,SPIKE P1 RED 1.0- (1.3 mm)
S74840000,SPIKE P1 BLACK 0X
S74840200,SPIKE P1 BLACK 1.0- (1.3 mm)
S74860000,SPIKE P2 BLACK OX
S74860100,SPIKE P2 BLACK 0.3- (0.6 mm)
S74860200,SPIKE P2 BLACK 1.0- (1.3 mm)
S74871800,ACUDA BLUE P1 1.8 RED
S74872000,ACUDA BLUE P1 2.0 RED
S74882000,ACUDA BLUE P1 2.0 BLACK
S74882500,ACUDA BLUE P1 MAX BLACK
S74901800,ACUDA BLUE P2 1.8 BLACK
S74902000,ACUDA BLUE P2 2.0 BLACK
S74902500,ACUDA BLUE P2 MAX BLACK
S74911800,ACUDA BLUE P3 1.8 RED
S74912000,ACUDA BLUE P3 2.0 RED
S74912500,ACUDA BLUE P3 MAX RED
S74921800,ACUDA BLUE P3 1.8 BLACK
S74922000,ACUDA BLUE P3 2.0 BLACK
S74922500,ACUDA BLUE P3 MAX BLACK
S74932000,ACUDA BLUE PI TURBO 2.0 RED
S74932500,ACUDA BLUE PI TURBO Max RED
S74942000,ACUDA BLUE PI TURBO 2.0 BLACK
S74951800,BLUEFIRE BIG SLAM 1.8 RED
S74952000,BLUEFIRE BIG SLAM 2.0 RED
S74952500,BLUEFIRE BIG SLAM Max RED
S74961800,BLUEFIRE BIG SLAM 1.8 BLACK
S74962500,BLUEFIRE BIG SLAM Max BLACK
S74971800,DESTO F4 1.8 RED
S74972000,DESTO F4 2.0 RED
S74972500,DESTO F4 Max RED
S74981800,DESTO F4 1.8 BLACK
S74982000,DESTO F4 2.0 BLACK
S74982500,DESTO F4 Max BLACK
S75660000,KJOL CLIP BLACK
S75660100,KJOL CLIP Marin
S75660500,KJOL IRION S Marin
S75660600,KJOL IRION S BLACK
S75880300,SHORTS SPRINT BLACK XXS
S75880400,SHORTS SPRINT BLACK XS
S75880500,SHORTS SPRINT BLACK S
S75880600,SHORTS SPRINT BLACK M
S75880700,SHORTS SPRINT BLACK L
S75880800,SHORTS SPRINT BLACK XL
S75880900,SHORTS SPRINT BLACK XXL
S75890500,SHORTS REACT BLACK S
S75890600,SHORTS REACT BLACK M
S75890700,SHORTS REACT BLACK L
S75890800,SHORTS REACT BLACK XL
S75900201,Donic Shorts Dive Black (140 mm)
S75900202,Donic Shorts Dive Black (152 mm)
S75900203,Donic Shorts Dive Black 2XS
S75900204,Donic Shorts Dive Black XS
S75900205,Donic Shorts Dive Black S
S75900206,Donic Shorts Dive Black M
S75900207,Donic Shorts Dive Black L
S75900208,Donic Shorts Dive Black XL
S75900209,Donic Shorts Dive Black 2XL
S75900210,Donic Shorts Dive Black 3XL
S75900211,Donic Shorts Dive Black 4XL
S75900212,Donic Shorts Dive Black 5XL
S75900221,Donic Shorts Dive Navy (140 mm)
S75900222,Donic Shorts Dive Navy (152 mm)
S75900223,Donic Shorts Dive Navy 2XS
S75900224,Donic Shorts Dive Navy XS
S75900225,Donic Shorts Dive Navy S
S75900226,Donic Shorts Dive Navy M
S75900227,Donic Shorts Dive Navy L
S75900228,Donic Shorts Dive Navy XL
S75900229,Donic Shorts Dive Navy 2XL
S75900230,Donic Shorts Dive Navy 3XL
S75900231,Donic Shorts Dive Navy 4XL
S75900232,Donic Shorts Dive Navy 5XL
S75900301,Donic Shorts Beam Black (140 mm)
S75900302,Donic Shorts Beam Black (152 mm)
S75900303,Donic Shorts Beam Black 2XS
S75900304,Donic Shorts Beam Black XS
S75900305,Donic Shorts Beam Black S
S75900306,Donic Shorts Beam Black M
S75900307,Donic Shorts Beam Black L
S75900308,Donic Shorts Beam Black XL
S75900309,Donic Shorts Beam Black 2XL
S75900310,Donic Shorts Beam Black 3XL
S75900311,Donic Shorts Beam Black 4XL
S75900312,Donic Shorts Beam Black 5XL
S75900321,Donic Shorts Beam Navy (140 mm)
S75900322,Donic Shorts Beam Navy (152 mm)
S75900323,Donic Shorts Beam Navy 2XS
S75900324,Donic Shorts Beam Navy XS
S75900325,Donic Shorts Beam Navy S
S75900326,Donic Shorts Beam Navy M
S75900327,Donic Shorts Beam Navy L
S75900328,Donic Shorts Beam Navy XL
S75900329,Donic Shorts Beam Navy 2XL
S75900330,Donic Shorts Beam Navy 3XL
S75900331,Donic Shorts Beam Navy 4XL
S75900332,Donic Shorts Beam Navy 5XL
S75910300,T-SHIRT TIGER BLACK XXS
S75910400,T-SHIRT TIGER BLACK XS
S75910500,T-SHIRT TIGER BLACK S
S75910600,T-SHIRT TIGER BLACK M
S75910700,T-SHIRT TIGER BLACK L
S75910800,T-SHIRT TIGER BLACK XL
S76021500,SWEATJACKET TRIP BLACK S
S76021600,SWEATJACKET TRIP BLACK M
S76021700,SWEATJACKET TRIP BLACK L
S76021800,SWEATJACKET TRIP BLACK XL
S76022000,SWEATJACKET TRIP BLACK XXXL
S76022100,Donic Overall Capri Navy/Cyan (140 mm)
S76022200,Donic Overall Capri Navy/Cyan (152 mm)
S76022300,Donic Overall Capri Navy/Cyan 2XS
S76022400,Donic Overall Capri Navy/Cyan XS
S76022500,Donic Overall Capri Navy/Cyan S
S76022600,Donic Overall Capri Navy/Cyan M
S76022700,Donic Overall Capri Navy/Cyan L
S76022800,Donic Overall Capri Navy/Cyan XL
S76022900,Donic Overall Capri Navy/Cyan 2XL
S76023000,Donic Overall Capri Navy/Cyan 3XL
S76023100,Donic Overall Capri Navy/Cyan 4XL
S76024100,Donic Overall Capri Black/Red (140 mm)
S76024200,Donic Overall Capri Black/Red (152 mm)
S76024300,Donic Overall Capri Black/Red 2XS
S76024400,Donic Overall Capri Black/Red XS
S76024500,Donic Overall Capri Black/Red S
S76024600,Donic Overall Capri Black/Red M
S76024700,Donic Overall Capri Black/Red L
S76024800,Donic Overall Capri Black/Red XL
S76024900,Donic Overall Capri Black/Red 2XL
S76025000,Donic Overall Capri Black/Red 3XL
S76025100,Donic Overall Capri Black/Red 4XL
S80900600,LADY SHIRT TRACE CYAN/BLACK
S80900700,LADY SHIRT LACER BLACK
S80900800,LADY SHIRT LIBERTY LIME
S80901000,LADY SHIRT RACE
S80901100,LADY SHIRT DRAFT
S80901200,LADY SHIRT RIVA BLUE/LIME
S80901300,LADY SHIRT AIR BLACK
S80901400,LADY SHIRT MELANGE PRO GREY
S80901500,LADY SHIRT BLITZ RED/BLACK
S80901600,LADY SHIRT CLASH MARIN
S80902000,Damtroja RAFTER Grape
S81310300,T-SHIRT LION BLACK/YELLOW XXS
S81310400,T-SHIRT LION BLACK/YELLOW XS
S81310500,T-SHIRT LION BLACK/YELLOW S
S81310600,T-SHIRT LION BLACK/YELLOW M
S81310700,T-SHIRT LION BLACK/YELLOW L
S81310800,T-SHIRT LION BLACK/YELLOW XL
S81310900,T-SHIRT LION BLACK/YELLOW XXL
S81311000,T-SHIRT LION BLACK/YELLOW XXXL
S81320300,T-SHIRT LION BLACK/Cyan XXS
S81320400,T-SHIRT LION BLACK/Cyan XS
S81320500,T-SHIRT LION BLACK/Cyan S
S81320600,T-SHIRT LION BLACK/Cyan M
S81320700,T-SHIRT LION BLACK/Cyan L
S81320800,T-SHIRT LION BLACK/Cyan XL
S81320900,T-SHIRT LION BLACK/Cyan XXL
S81321000,T-SHIRT LION BLACK/Cyan XXXL
S82090300,T-SHIRT DRAGON BLACK/Yellowd XXS
S82090400,T-SHIRT DRAGON BLACK/Yellowd XS
S82090500,T-SHIRT DRAGON BLACK/Yellowd S
S82090600,T-SHIRT DRAGON BLACK/Yellowd M
S82090700,T-SHIRT DRAGON BLACK/Yellowd L
S82090800,T-SHIRT DRAGON BLACK/Yellowd XL
S82090900,T-SHIRT DRAGON BLACK/Yellowd XXL
S82100300,SHIRT SPLASH CYAN XXS
S82100400,SHIRT SPLASH CYAN XS
S82100500,SHIRT SPLASH CYAN S
S82100600,SHIRT SPLASH CYAN M
S82100700,SHIRT SPLASH CYAN L
S82100800,SHIRT SPLASH CYAN XL
S82100900,SHIRT SPLASH CYAN XXL
S82101000,SHIRT SPLASH CYAN XXXL
S82101100,SHIRT SPLASH RED S
S82101200,SHIRT SPLASH RED M
S82120300,SHIRT LIBRA RED/BLACK XXS
S82120400,SHIRT LIBRA RED/BLACK XS
S82120500,SHIRT LIBRA RED/BLACK S
S82120600,SHIRT LIBRA RED/BLACK M
S82120800,SHIRT LIBRA RED/BLACK XL
S82130100,SHIRT LIBRA MARIN/CYAN (140 mm)
S82130200,SHIRT LIBRA MARIN/CYAN (152 mm)
S82130300,SHIRT LIBRA MARIN/CYAN XXS
S82130400,SHIRT LIBRA MARIN/CYAN XS
S82130500,SHIRT LIBRA MARIN/CYAN S
S82130600,SHIRT LIBRA MARIN/CYAN M
S82130700,SHIRT LIBRA MARIN/CYAN L
S82130800,SHIRT LIBRA MARIN/CYAN XL
S82130900,SHIRT LIBRA MARIN/CYAN XXL
S82140500,T-SHIRT TROPIC MARIN/CYAN S
S82150500,T-SHIRT TROPIC RED/BLACK S
S82160500,T-SHIRT TROPIC BLACK/GLUEE S
S82300300,Troja CALIBER BLACK/RED XXS
S82300400,Troja CALIBER BLACK/RED XS
S82300500,Troja CALIBER BLACK/RED S
S82300600,Troja CALIBER BLACK/RED M
S82300700,Troja CALIBER BLACK/RED L
S82300800,Troja CALIBER BLACK/RED XL
S82300900,Troja CALIBER BLACK/RED XXL
S82301000,Troja CALIBER BLACK/RED XXXL
S82310300,Troja CALIBER Marin XXS
S82310400,Troja CALIBER Marin XS
S82310500,Troja CALIBER Marin S
S82310600,Troja CALIBER Marin M
S82310700,Troja CALIBER Marin L
S82310800,Troja CALIBER Marin XL
S82310900,Troja CALIBER Marin XXL
S82311000,Troja CALIBER Marin XXXL
S82320300,Troja CALIBER BLACK/Cyan XXS
S82320400,Troja CALIBER BLACK/Cyan XS
S82320500,Troja CALIBER BLACK/Cyan S
S82320600,Troja CALIBER BLACK/Cyan M
S82320700,Troja CALIBER BLACK/Cyan L
S82320800,Troja CALIBER BLACK/Cyan XL
S82320900,Troja CALIBER BLACK/Cyan XXL
S82321000,Troja CALIBER BLACK/Cyan XXXL
S82330100,Troja RAFTER Grape (140 mm)
S82330200,Troja RAFTER Grape (152 mm)
S82330300,Troja RAFTER Grape XXS
S82330400,Troja RAFTER Grape XS
S82330500,Troja RAFTER Grape S
S82330600,Troja RAFTER Grape M
S82330700,Troja RAFTER Grape L
S82330800,Troja RAFTER Grape XL
S82330900,Troja RAFTER Grape XXL
S82331000,Troja RAFTER Grape XXXL
S82340100,Troja RAFTER Marin/Cyan (140 mm)
S82340200,Troja RAFTER Marin/Cyan (152 mm)
S82340300,Troja RAFTER Marin/Cyan XXS
S82340400,Troja RAFTER Marin/Cyan XS
S82340500,Troja RAFTER Marin/Cyan S
S82340600,Troja RAFTER Marin/Cyan M
S82340700,Troja RAFTER Marin/Cyan L
S82340800,Troja RAFTER Marin/Cyan XL
S82340900,Troja RAFTER Marin/Cyan XXL
S82341000,Troja RAFTER Marin/Cyan XXXL
S82350100,Troja RAFTER Anthracite (140 mm)
S82350200,Troja RAFTER Anthracite (152 mm)
S82350300,Troja RAFTER Anthracite XXS
S82350400,Troja RAFTER Anthracite XS
S82350500,Troja RAFTER Anthracite S
S82350600,Troja RAFTER Anthracite M
S82350700,Troja RAFTER Anthracite L
S82350800,Troja RAFTER Anthracite XL
S82350900,Troja RAFTER Anthracite XXL
S82351000,Troja RAFTER Anthracite XXXL
S82360300,SHIRT EFFECT BLACK/GREY XXS
S82360400,SHIRT EFFECT BLACK/GREY XS
S82360500,SHIRT EFFECT BLACK/GREY S
S82360600,SHIRT EFFECT BLACK/GREY M
S82360700,SHIRT EFFECT BLACK/GREY L
S82360800,SHIRT EFFECT BLACK/GREY XL
S82360900,SHIRT EFFECT BLACK/GREY XXL
S82361000,SHIRT EFFECT BLACK/GREY XXXL
S82370300,T-SHIRT PEAK Svart/Rod XXS
S82370400,T-SHIRT PEAK Svart/Rod XS
S82370500,T-SHIRT PEAK Svart/Rod S
S82370600,T-SHIRT PEAK Svart/Rod M
S82370700,T-SHIRT PEAK Svart/Rod L
S82370800,T-SHIRT PEAK Svart/Rod XL
S82370900,T-SHIRT PEAK Svart/Rod XXL
S82371000,T-SHIRT PEAK Svart/Rod XXXL
S82380200,T-SHIRT PEAK Marin XXXS
S82380300,T-SHIRT PEAK Marin XXS
S82380400,T-SHIRT PEAK Marin XS
S82380500,T-SHIRT PEAK Marin S
S82380600,T-SHIRT PEAK Marin M
S82380700,T-SHIRT PEAK Marin L
S82380800,T-SHIRT PEAK Marin XL
S82380900,T-SHIRT PEAK Marin XXL
S82381000,T-SHIRT PEAK Marin XXXL
S82390200,T-SHIRT PEAK Bla/Cyan (152 mm)
S82390300,T-SHIRT PEAK Bla/Cyan XXS
S82390400,T-SHIRT PEAK Bla/Cyan XS
S82390500,T-SHIRT PEAK Bla/Cyan S
S82390600,T-SHIRT PEAK Bla/Cyan M
S82390700,T-SHIRT PEAK Bla/Cyan L
S82390800,T-SHIRT PEAK Bla/Cyan XL
S82390900,T-SHIRT PEAK Bla/Cyan XXL
S82391000,T-SHIRT PEAK Bla/Cyan XXXL
S82410300,T-SHIRT ATLAS Grape XXS
S82410400,T-SHIRT ATLAS Grape XS
S82410500,T-SHIRT ATLAS Grape S
S82410600,T-SHIRT ATLAS Grape M
S82410700,T-SHIRT ATLAS Grape L
S82410800,T-SHIRT ATLAS Grape XL
S82410900,T-SHIRT ATLAS Grape XXL
S82411000,T-SHIRT ATLAS Grape XXXL
S82420100,T-SHIRT ATLAS Navy (140 mm)
S82420200,T-SHIRT ATLAS Navy (152 mm)
S82420300,T-SHIRT ATLAS Navy XXS
S82420400,T-SHIRT ATLAS Navy XS
S82420500,T-SHIRT ATLAS Navy S
S82420600,T-SHIRT ATLAS Navy M
S82420700,T-SHIRT ATLAS Navy L
S82420800,T-SHIRT ATLAS Navy XL
S82420900,T-SHIRT ATLAS Navy XXL
S82430100,T-SHIRT ATLAS Anthracite (140 mm)
S82430200,T-SHIRT ATLAS Anthracite (152 mm)
S82430300,T-SHIRT ATLAS Anthracite XXS
S82430400,T-SHIRT ATLAS Anthracite XS
S82430500,T-SHIRT ATLAS Anthracite S
S82430600,T-SHIRT ATLAS Anthracite M
S82430700,T-SHIRT ATLAS Anthracite L
S82430800,T-SHIRT ATLAS Anthracite XL
S82430900,T-SHIRT ATLAS Anthracite XXL
S82431000,T-SHIRT ATLAS Anthracite XXXL
S82440001,Donic Shirt Nitro Navy (140 mm)
S82440002,Donic Shirt Nitro Navy (152 mm)
S82440003,Donic Shirt Nitro Navy 2XS
S82440004,Donic Shirt Nitro Navy XS
S82440005,Donic Shirt Nitro Navy S
S82440006,Donic Shirt Nitro Navy M
S82440007,Donic Shirt Nitro Navy L
S82440008,Donic Shirt Nitro Navy XL
S82440009,Donic Shirt Nitro Navy 2XL
S82440010,Donic Shirt Nitro Navy 3XL
S82440011,Donic Shirt Nitro Navy 4XL
S82440012,Donic Shirt Nitro Navy 5XL
S82440023,Donic Lady Shirt Nitro Navy 2XS
S82440024,Donic Lady Shirt Nitro Navy XS
S82440025,Donic Lady Shirt Nitro Navy S
S82440026,Donic Lady Shirt Nitro Navy M
S82440027,Donic Lady Shirt Nitro Navy L
S82440028,Donic Lady Shirt Nitro Navy XL
S82440029,Donic Lady Shirt Nitro Navy 2XL
S82440030,Donic Lady Shirt Nitro Navy 3XL
S82440031,Donic Shirt Nitro Red (140 mm)
S82440032,Donic Shirt Nitro Red (152 mm)
S82440033,Donic Shirt Nitro Red 2XS
S82440034,Donic Shirt Nitro Red XS
S82440035,Donic Shirt Nitro Red S
S82440036,Donic Shirt Nitro Red M
S82440037,Donic Shirt Nitro Red L
S82440038,Donic Shirt Nitro Red XL
S82440039,Donic Shirt Nitro Red 2XL
S82440040,Donic Shirt Nitro Red 3XL
S82440041,Donic Shirt Nitro Red 4XL
S82440042,Donic Shirt Nitro Red 5XL
S82440053,Donic Lady Shirt Nitro Red 2XS
S82440054,Donic Lady Shirt Nitro Red XS
S82440055,Donic Lady Shirt Nitro Red S
S82440056,Donic Lady Shirt Nitro Red M
S82440057,Donic Lady Shirt Nitro Red L
S82440058,Donic Lady Shirt Nitro Red XL
S82440059,Donic Lady Shirt Nitro Red 2XL
S82440060,Donic Lady Shirt Nitro Red 3XL
S82440100,Shirt Donic Nitro Navy/Royal Blue (140 mm)
S82440101,Donic T-Shirt Slate Navy (140 mm)
S82440102,Donic T-Shirt Slate Navy (152 mm)
S82440103,Donic T-Shirt Slate Navy 2XS
S82440104,Donic T-Shirt Slate Navy XS
S82440105,Donic T-Shirt Slate Navy S
S82440106,Donic T-Shirt Slate Navy M
S82440107,Donic T-Shirt Slate Navy L
S82440108,Donic T-Shirt Slate Navy XL
S82440109,Donic T-Shirt Slate Navy 2XL
S82440110,Donic T-Shirt Slate Navy 3XL
S82440111,Donic T-Shirt Slate Red (140 mm)
S82440112,Donic T-Shirt Slate Red (152 mm)
S82440113,Donic T-Shirt Slate Red 2XS
S82440114,Donic T-Shirt Slate Red XS
S82440115,Donic T-Shirt Slate Red S
S82440116,Donic T-Shirt Slate Red M
S82440117,Donic T-Shirt Slate Red L
S82440118,Donic T-Shirt Slate Red XL
S82440119,Donic T-Shirt Slate Red 2XL
S82440120,Donic T-Shirt Slate Red 3XL
S82440200,Shirt Donic Nitro Navy/Royal Blue (152 mm)
S82440211,Donic T-Shirt Drop Black/Yellow (140 mm)
S82440212,Donic T-Shirt Drop Black/Yellow (152 mm)
S82440213,Donic T-Shirt Drop Black/Yellow 2XS
S82440214,Donic T-Shirt Drop Black/Yellow XS
S82440215,Donic T-Shirt Drop Black/Yellow S
S82440216,Donic T-Shirt Drop Black/Yellow M
S82440217,Donic T-Shirt Drop Black/Yellow L
S82440218,Donic T-Shirt Drop Black/Yellow XL
S82440219,Donic T-Shirt Drop Black/Yellow 2XL
S82440220,Donic T-Shirt Drop Black/Yellow 3XL
S82440221,Donic T-Shirt Drop Navy/Cyanblue (140 mm)
S82440222,Donic T-Shirt Drop Navy/Cyanblue (152 mm)
S82440223,Donic Lady Shirt Flame Black/Yellow 2XS
S82440224,Donic Lady Shirt Flame Black/Yellow XS
S82440225,Donic Lady Shirt Flame Black/Yellow S
S82440226,Donic Lady Shirt Flame Black/Yellow M
S82440227,Donic Lady Shirt Flame Black/Yellow L
S82440228,Donic Lady Shirt Flame Black/Yellow XL
S82440229,Donic Lady Shirt Flame Black/Yellow 2XL
S82440230,Donic Lady Shirt Flame Black/Yellow 3XL
S82440231,Donic T-Shirt Drop Navy/Cyanblue (140 mm)
S82440232,Donic T-Shirt Drop Navy/Cyanblue (152 mm)
S82440233,Donic T-Shirt Drop Navy/Cyanblue XXS
S82440234,Donic T-Shirt Drop Navy/Cyanblue XS
S82440235,Donic T-Shirt Drop Navy/Cyanblue S
S82440237,Donic T-Shirt Drop Navy/Cyanblue L
S82440238,Donic T-Shirt Drop Navy/Cyanblue XL
S82440239,Donic T-Shirt Drop Navy/Cyanblue XXL
S82440240,Donic T-Shirt Drop Navy/Cyanblue XXL
S82440300,Shirt Donic Nitro Navy/Royal Blue 2XS
S82440301,Donic T-Shirt Nova Navy (140 mm)
S82440302,Donic T-Shirt Nova Navy (152 mm)
S82440303,Donic T-Shirt Nova Navy 2XS
S82440304,Donic T-Shirt Nova Navy XS
S82440305,Donic T-Shirt Nova Navy S
S82440306,Donic T-Shirt Nova Navy M
S82440307,Donic T-Shirt Nova Navy L
S82440308,Donic T-Shirt Nova Navy XL
S82440309,Donic T-Shirt Nova Navy 2XL
S82440310,Donic T-Shirt Nova Navy 3XL
S82440311,Donic T-Shirt Nova Red (140 mm)
S82440312,Donic T-Shirt Nova Red (152 mm)
S82440313,Donic T-Shirt Nova Red 2XS
S82440314,Donic T-Shirt Nova Red XS
S82440315,Donic T-Shirt Nova Red S
S82440316,Donic T-Shirt Nova Red M
S82440317,Donic T-Shirt Nova Red L
S82440318,Donic T-Shirt Nova Red XL
S82440319,Donic T-Shirt Nova Red 2XL
S82440320,Donic T-Shirt Nova Red 3XL
S82440400,Shirt Donic Nitro Navy/Royal Blue XS
S82440500,Shirt Donic Nitro Navy/Royal Blue S
S82440600,Shirt Donic Nitro Navy/Royal Blue M
S82440700,Shirt Donic Nitro Navy/Royal Blue L
S82440800,Shirt Donic Nitro Navy/Royal Blue XL
S82441300,T-SHIRT DRAGON ROYAL XXS
S82441400,T-SHIRT DRAGON ROYAL XS
S82441500,T-SHIRT DRAGON ROYAL S
S82441600,T-SHIRT DRAGON ROYAL M
S82441700,T-SHIRT DRAGON ROYAL L
S82441800,T-SHIRT DRAGON ROYAL XL
S82441900,T-SHIRT DRAGON ROYAL XXL
S82442000,T-SHIRT DRAGON ROYAL XXXL
S85001900,BLUESTORM Z1 1.9 RED
S85002100,BLUESTORM Z1 2.1 RED
S85002500,BLUESTORM Z1 MAX RED
S85002900,BLUESTORM Z1 1.9 BLUE
S85003100,BLUESTORM Z1 2.1 BLUE
S85003500,BLUESTORM Z1 MAX BLUE
S85011900,BLUESTORM Z1 1.9 BLACK
S85012100,BLUESTORM Z1 2.1 BLACK
S85012500,BLUESTORM Z1 MAX BLACK
S85021900,BLUESTORM Z2 1.9 RED
S85022100,BLUESTORM Z2 2.1 RED
S85022500,BLUESTORM Z2 MAX RED
S85022900,BLUESTORM Z2 1.9 BLUE
S85023100,BLUESTORM Z2 2.1 BLUE
S85023500,BLUESTORM Z2 MAX BLUE
S85031900,BLUESTORM Z2 1.9 BLACK
S85032100,BLUESTORM Z2 2.1 BLACK
S85032500,BLUESTORM Z2 MAX BLACK
S85041900,BLUESTORM Z3 1.9 RED
S85042100,BLUESTORM Z3 2.1 RED
S85042500,BLUESTORM Z3 MAX RED
S85042900,BLUESTORM Z3 1.9 BLUE
S85043100,BLUESTORM Z3 2.1 BLUE
S85043500,BLUESTORM Z3 MAX BLUE
S85051900,BLUESTORM Z3 1.9 BLACK
S85052100,BLUESTORM Z3 2.1 BLACK
S85052500,BLUESTORM Z3 MAX BLACK
S85061900,BLUESTORM Z1 TURBO 1.9 RED
S85062100,BLUESTORM Z1 TURBO 2.1 RED
S85062500,BLUESTORM Z1 TURBO MAX RED
S85062900,BLUESTORM Z1 TURBO 1.9 BLUE
S85063100,BLUESTORM Z1 TURBO 2.1 BLUE
S85063500,BLUESTORM Z1 TURBO MAX BLUE
S85071900,BLUESTORM Z1 TURBO 1.9 BLACK
S85072100,BLUESTORM Z1 TURBO 2.1 BLACK
S85072500,BLUESTORM Z1 TURBO MAX BLACK
S85082100,BLUESTORM BIG SLAM 2.1 RED
S85082500,BLUESTORM BIG SLAM MAX RED
S85112000,BLUEGRIP V1 BLACK (2.0 mm)
S85132500,BLUEGRIP R1 BLACK (max)
S85142000,BLUEGRIP C1 RED (2.0 mm)
S85142500,BLUEGRIP C1 RED (max)
S85152000,BLUEGRIP C1 BLACK (2.0 mm)
S85152500,BLUEGRIP C1 BLACK (max)
S85162000,BLUEGRIP C2 RED (2.0 mm)
S85162500,BLUEGRIP C2 RED (max)
S85172000,BLUEGRIP C2 BLACK (2.0 mm)
S85172500,BLUEGRIP C2 BLACK (max)
S85181800,BLUEGRIP S2 RED (1.8 mm)
S85182000,BLUEGRIP S2 RED (2.0 mm)
S85182500,BLUEGRIP S2 RED (max)
S85191800,BLUEGRIP S2 BLACK (1.8 mm)
S85192000,BLUEGRIP S2 BLACK (2.0 mm)
S85192500,BLUEGRIP S2 BLACK (max)
S85202000,BLUESTORM PRO RED (2.0 mm)
S85202500,BLUESTORM PRO RED (max)
S85212000,BLUESTORM PRO BLACK (2.0 mm)
S85212500,BLUESTORM PRO BLACK (max)
S85222000,BLUESTORM PRO AM RED (2.0 mm)
S85222500,BLUESTORM PRO AM RED (max)
S85232000,BLUESTORM PRO AM BLACK (2.0 mm)
S85232500,BLUESTORM PRO AM BLACK (max)
S85242000,BLUEGRIP S1 RED (2.0 mm)
S85242500,BLUEGRIP S1 RED (max)
S85252000,BLUEGRIP S1 BLACK (2.0 mm)
S85252500,BLUEGRIP S1 BLACK (max)
S85262000,BLUESTAR A1 RED (2.0 mm)
S85262500,BLUESTAR A1 RED (max)
S85272000,BLUESTAR A1 BLACK (2.0 mm)
S85272500,BLUESTAR A1 BLACK (max)
S85282000,BLUESTAR A2 RED (2.0 mm)
S85282500,BLUESTAR A2 RED (max)
S85292000,BLUESTAR A2 BLACK (2.0 mm)
S85292500,BLUESTAR A2 BLACK (max)
S85302000,BLUESTAR A3 RED (2.0 mm)
S85302500,BLUESTAR A3 RED (max)
S85311800,BLUESTAR A3 RED (2.0 mm)
S85312000,BLUESTAR A3 BLACK (2.0 mm)
S85312500,BLUESTAR A3 BLACK (max)
S85322000,BLUEGRIP J1 RED (2.0 mm)
S85322001,BLUEGRIP J1 RED (2.0 mm)
S85322501,BLUEGRIP J1 RED (max)
S85332001,BLUEGRIP J1 BLACK (2.0 mm)
S85332501,BLUEGRIP J1 BLACK (max)
S85342001,BLUEGRIP J2 RED (2.0 mm)
S85342501,BLUEGRIP J2 RED (max)
S85352001,BLUEGRIP J2 BLACK (2.0 mm)
S85352501,BLUEGRIP J2 BLACK (max)
S85362001,BLUEGRIP J3 RED (2.0 mm)
S85362501,BLUEGRIP J3 RED (max)
S85372001,BLUEGRIP J3 BLACK (2.0 mm)
S85372501,BLUEGRIP J3 BLACK (max)
S90021100,LIALOX STRAIGHT
S90021200,LIALOX CONCAVE
S99990001,Tryck-Klubbmarke LPK
S99990002,Tryck-Initialer
S99990003,Tryck-Namntryck
S99990010,Glued To Blade
S99990011,Tryck-Klubbmarke IFK Lund
S99990012,Tryck-Klubbmarke Lyckeby BTK
S99990013,Tryck-Klubbmarke BTK Linn
S99990014,Tryck-Klubbmarke BTK Safir
S99990015,Tryck-Klubbmarke Kalmar BTK
S99990016,Tryck-Klubbmarke Umea BTK
S99990099,KREDITERING
S99990250,Presentkort-250 Kr
S99990500,Presentkort-500 Kr
S99991000,Presentkort-1000 Kr
